artista,genero_musical,tipo,nombre,año_lanzamiento,id,popularidad
S Curro,metal,cancion,Lost,2010,4EuRvF9VCtuteV9HdHklex,1
Cripta,metal,cancion,Eres Fuego,2010,3K7peHuWGHhNlk3J5HtwzS,0
Avalot,metal,cancion,No Tanquis Els Ulls,2010,6zLpWhioAFiBuYuLKa3o0S,0
Cripta,metal,cancion,Debes Callarte,2010,3Lq67c1kMbYRtAr0ouFwhU,1
Avalot,metal,cancion,Vora el Foc,2010,44HuA3UPbFtE48BGnUHCQM,0
Mojinos Escozios,metal,cancion,Frío en Madrid - Leyenda urbana,2010,2hfr68GS4F15LEWOWAPm5x,0
Siroco,metal,cancion,Metodología - Remaster,2010,5JEraQZsmtEiyDCMCBugFY,1
Cavalera Conspiracy,metal,cancion,The Exorcist,2010,0IPiJJmhddblJdWIJGdBo3,1
Leæther Strip,metal,cancion,Abusive,2010,51NBzSX3ZcwbbyQCXF5rab,0
BrandNew Sunset,metal,cancion,ฝน,2010,2MKwUOWEfGdPQvSZsgiFbc,6
Natterjack,metal,cancion,Shut Up Fuck Off !!,2010,0u8hYuxvwzyiocmj41eiDF,6
Blasting Hatred,metal,cancion,A Cloak of Eyes,2010,4o8GgLgHWtxE0MR5wVyT2x,0
Laethora,metal,cancion,World Deluge,2010,7BlbeZhtezmyhiyunM7wdl,0
Death Saw,metal,cancion,Samo hrabro,2010,47Rwm90vPQv3dweJoQwNsM,0
Bolt Upright,metal,cancion,Woodstove Blues,2010,1t0AHShicUsxafKhhogkCx,0
Oblivion Machine,metal,cancion,Sparsa (Morbid Fuckin Death) [Remix by Gorrus],2010,06lL0EW4eJkh4SZeYpVNBb,0
Jonnyx and the Groadies,metal,cancion,Broadsword,2010,4O5eyafI9URUcHkHw4Eoun,0
Megilloth,metal,cancion,Farewell a False Paradise,2010,6txhrSNmW0vR6jAUokJgT5,0
Catfish,metal,cancion,Charleville,2010,6UpTCKsc8RRvYnoFctcI5w,0
A Cloud Forest,metal,cancion,Intro,2010,14sL0xhklhvN1y3BmPlrLF,0
Pastor Brad,metal,cancion,I Wanna Be,2010,6LnLx0YdQYJ9ZdjLUcnySb,0
Signal 99,metal,cancion,Ten Fold,2010,5HVUGzLCkj6KTJIzPUR1nP,3
Nihil Kaos,metal,cancion,Blood Stained Aeon,2010,6bbcNLF2vfF0ByPGm2l2dh,0
Hellveto,metal,cancion,Smak Zniewolenia,2010,14s6vbWKcivP3fxwcc6E4P,0
Decayed,metal,cancion,Darkness Falls,2010,58Hs6jSYtaECrOhAqGhFwA,0
Andre Matos,metal,cancion,Mentalize,2010,0kArUYRTwoGrOF6FcHZoj1,0
Infer,metal,cancion,Recollection VII,2010,3gPoQ06EYgrpuRZwwVKcIR,0
Fallen Sentinel,metal,cancion,Here Comes the Darkness,2010,2ncdB2oBXVCYkCpLl3yfRJ,0
Tenochtitlan,metal,cancion,Severe,2010,1yM0RPpJXj2lo40CDQB4oR,0
Methodica,metal,cancion,Heavenland - Marble Column Part 1,2010,43r114GqOPSThsBh0efHDj,0
Halcyon Way,metal,cancion,Icon of Resolution,2010,7lsQI2ZfS8f9YhtiHp8LbH,0
Dynabyte,metal,cancion,Cold Wind Of Fear,2010,0bd05cVBQG4G7o1pqHHFZE,0
Michel Oliveira,metal,cancion,The Unknown - Demo,2010,5ZOMvmwFHSEcbss8G2VnUY,0
Scythia,metal,cancion,Red Wizard,2010,0IH511YSIzGMoSWIgPJfh6,0
Doug Webb,metal,cancion,Once I Loved - bonus track,2010,0rY92nRen8xrNAK28pCqTX,0
Leæther Strip,metal,cancion,It's Not Real,2010,2peOCKrE9TQiprnuei9p3D,0
L.O.S.T.,metal,cancion,Away,2010,6KaW5LKM9i4t3CWV3ZLmkA,0
CALIBER 666,metal,cancion,The Worthless - Demo Version,2010,10ysKqMWeqabT5GPtXOF3G,0
Astral,metal,cancion,Cerna ruze,2010,3XAqJnlR4smYGrWBCSWXcx,0
Gianluca Ferro,metal,cancion,Black Lydian,2010,36F5fMtpvDqs33wcnPIMON,0
Beyond Terror Beyond Grace,metal,cancion,Husk,2010,2zdS01N1AFymUdW9TbCNFb,0
Touch of Eternity,metal,cancion,Eternal Sleep,2010,3XudbKiXugOXq3NgbiyZFc,0
Exquisite Pus,metal,cancion,Dead (Forgotten),2010,7H8yQ8e4oHgcvwDHltlKzz,0
Battlemaster,metal,cancion,Ceremonial Dragon Mutilation,2010,7k6T6e4f21uRf2rIT2YECO,0
The Seventh Gate,metal,cancion,The Mary Shelley Song,2010,3yoRiwAlHRMwZHjnVuIA6g,0
Phlegethon,metal,cancion,In Harmony With Penance,2010,01FIuih5IlbX0V7YjOTP0Z,0
Wormfood,metal,cancion,Beneath the Sea,2010,1Smm7TXp2YfzDRiq5R2zdq,0
Arfsynd,metal,cancion,Flagellanternas Procession,2010,5YlRkJVQHd280rffgMqdWy,0
Dead Conspiracy,metal,cancion,Cessations-1,2010,3aZDZqytOh5VcgSGQCsGbe,0
Cyphosis,metal,cancion,Passage of Evil,2010,6ITA6mRZWo5fCuBzSfIIGD,0
Nevergreen,metal,cancion,Hozza el az éj,2010,2JCuKdfFXdrlJzXxmJuyHk,0
Left Brain,metal,cancion,Empire of Oblivion,2010,4lQOSvvyUblIkfs7tihJYv,0
Pastor Brad,metal,cancion,I Wanna Be,2010,6LnLx0YdQYJ9ZdjLUcnySb,0
Misanthropian,metal,cancion,Pure Self,2010,6Qu5G8FiKFGNkldpLGqlGX,0
Sweet Crystal,metal,cancion,Warriors,2010,6Bn1yqo50WtyI2dbYjGCYB,0
Damnation Defaced,metal,cancion,Dream Shifter,2010,6sHQ5KYsIUGSjO3IE82Vmk,0
Echoes of Devastation,metal,cancion,Forgive Her,2010,0vjKx8MAwIp6IxqMpzJliJ,0
Phelan,metal,cancion,The Domain Laws,2010,6RSdD5nX8T4fndK8Sh5TsJ,0
Dead Conspiracy,metal,cancion,Conspiracy of Silence,2010,3VhBHkDFanUeUi63hXzQSR,0
Warlord U.K.,metal,cancion,Suffer In Silence,2010,0DkKG6MpofLB7GRi8CGY1V,0
Winter Rose,metal,cancion,Life of Mine,2010,4sffq746tAQXKefv3di09O,0
Animus,metal,cancion,Untitled-2,2010,5nYlkL9l5r5dEuvnwZk2d7,0
Apophis,metal,cancion,Y 20 36,2010,27ZyTimRdkkQMeIQe6PSpT,0
Nembience,metal,cancion,The Worst is Yet to Come,2010,6iR2jqmvX0eH5UOFtXVO7X,0
The Black,metal,cancion,Peccatis Nostris: Superbia,2010,1V4BsAfyJ2I33Q2Ygx0TxY,0
Secrets Of The Moon,metal,cancion,This Inner Soil,2010,4hI0UIOZ1kmDyx42RTRyKr,0
Auvernia,metal,cancion,Anguish,2010,2Vvoa0xVcMzVYn2RgXMN6O,0
Manic Movement,metal,cancion,Waltz Of Spirits,2010,3HYMjdjNLMyG4rvHk8KHdv,0
Pedro Andrea,metal,cancion,Shuffle Rag,2010,1N8iK7JPmA8NvkFW6z1yFR,0
Exquisite Pus,metal,cancion,Waiting Room,2010,0hyqXKhJMH9mwMuvq2sFve,0
Led to the Grave,metal,cancion,American Marquis De Sade,2010,3HZbxGjiavO4bUx0ioEnBi,0
Yuvigi,metal,cancion,Пробуждане,2010,75VGzq7FSNPeSGy4BhdIKj,0
Lugburz,metal,cancion,Towards the Fields of Pelennor,2010,34Smm89D0N1PgQABbhCSux,0
Plague Angel,metal,cancion,Stagnation of Christ,2010,4Q3YUdDhycLBXpXYXQTzMR,0
Bernatchez,metal,cancion,Rêve Chimérique (Acte 8),2010,3f2ahjzhEpZMj0MjWw0a1l,0
Markojuhani Rautavaara,metal,cancion,Jos,2010,1GrW962Dsxgp2Rb3DXMEsF,0
Hukkunud Hinged,metal,cancion,Tulesorg,2010,16zg3QMt1E9IJ6LvmmGli6,0
Liaison,metal,cancion,It's Not Worth It,2010,42b1vOi5VLvsdildyCilnF,1
Hephystus,metal,cancion,Legacy Pt I,2010,0mgYqpDXzJOuTAwDyPKZK9,0
My Shameful,metal,cancion,Blamed,2010,4OrLGtytdB7lODE89x4XVV,0
Kurnalcool,metal,cancion,Tetedeturpi,2010,5MgKG3h6yMZ8ZGhMgfMigx,0
Jarboe,metal,cancion,Racing to Our Death Dance,2010,1D1LZ1IiuVTrjBgloSIptb,0
Oblidian,metal,cancion,Red 360,2010,6J5ynTIQxZyy8AJARcPhak,0
明太Rocker×あちこあこ,metal,cancion,Masquerade,2010,666889YliTmytU63P2FDsl,0
Rosae Crucis,metal,cancion,Crom,2010,4mxpT2wA2daHLF0LrVXB0r,0
Maelstrom,metal,cancion,At Dawn They Die,2010,6Ncm3eIzexByKgfg32yyh0,0
Rektal Tuşe,metal,cancion,Gayet Ciddiyiz!,2010,32tumxKSQXq5Mtf03H04o2,1
Section A,metal,cancion,Danger,2010,2ALHa18a1hO2BP1jbCW5xr,0
Baboon Rising,metal,cancion,Witnessing Monetary Infliction,2010,3wvZDTlzxNCLUVJQHly4Y1,0
Vortech,metal,cancion,Transcendence,2010,7IqNi0DCyCuKhXYZYnTfTV,0
Bachus,metal,cancion,Celerius,2010,0ZS2XeeXv2dhc9Ndil3j48,0
Killface,metal,cancion,Miserable,2010,0CQwNZp8NR09V7ZMVvKsMj,0
Great Master,metal,cancion,Millenium,2010,0XftOxjuTJFUfalrcZIW6Q,0
My Own Grave,metal,cancion,Sheltered By Inferno (PTD Demo 2004),2010,0q2MuZkwJiSXA59uVLP2dE,0
Dirt Communion,metal,cancion,Bombed / Last Call,2010,2O204KpwtbEolTHPmmHrDg,0
Arcanum Sanctum,metal,cancion,Moment of Death,2010,3USwcPa09sTQAXWpsL6sf9,0
Lost Forever,metal,cancion,Brewing My Hate,2010,2ryaDhIytLfo1v1Gc0nZ0k,0
窒息樂隊,metal,cancion,悲愴中前行,2010,1IBj82bMnPt4AGN4rSogS3,0
Offal,metal,cancion,When Hunger Brings Death,2010,3tQeRTDYKaZCfa8Rc5h2pn,0
Bloodwritten,metal,cancion,Watch the World Burn...,2010,1yU5YPUbx55mClQiaz6ZXc,0
Cobra,metal,cancion,"The Ugly, the Very Ugly and the Ugliest",2011,3frLpZ5OS814Zn1l8wdB4l,0
Después De Todo,metal,cancion,El Camino de los Olvidados,2011,6Wawxizyn4F333Xx2sB8Kl,2
Split Heaven,metal,cancion,Forged By Steel (Intro),2011,0KEdWi0rHOvoPfMbEvb37R,1
Iron Butterfly,metal,cancion,Are You Happy - Live at Fillmore East 4/27/68; 1st Show,2011,3Aw0oIVv1v2Obs1yIXiPiG,1
Cartel da Cevada,metal,cancion,Nigga Bigga Jairo,2011,1ysxHTtVpoehAR7ZCJjjUW,2
Zenobia,metal,cancion,La Hora Esperada - En Concierto,2011,0ZofKRB2EJODMs0Pe9TpOh,1
Frequency,metal,cancion,Inner Masquerade,2011,5egRYPw0mn5Y1Ds73J0yJ2,0
Split Heaven,metal,cancion,My Soul Burns Forever,2011,5QlBYgb2InmwaSQ8SwWTZM,2
Ramming Speed,metal,cancion,Perdition,2011,5nLbQk7eqV9tQDXikLB3pB,0
Fuck The Facts,metal,cancion,Cold Hearted,2011,4PEkFD0A6Y79N80LBBYhnr,1
Ñu,metal,cancion,El Flautista De Hamelin - En Directo,2011,5EzWArVehVps0IHUgcqmE2,0
Frozen Dawn,metal,cancion,Black Spells,2011,3DkYGXLC1Pq0bTlp3q2EVo,1
Split Heaven,metal,cancion,White Death,2011,29FLHdOITY00tOhoMjHUXi,2
Cartel da Cevada,metal,cancion,Chokin' (With a Beef),2011,05sAHSak3KnhvJ2FxbDjuI,2
Forgotten,metal,cancion,Resital Apokalip,2011,2lVSlO3yUs98Cnns78U8rN,6
Syn Ze Sase Tri,metal,cancion,Ruga,2011,216lKWcvbeUbiSf0GQUUck,0
Boargazm,metal,cancion,Onslaught,2011,0R5vXMEchK2LH9QXk384Td,0
Koltdown,metal,cancion,Lost Between,2011,7mXqtgiVZy5AZDIPHUwAT4,2
Lugubre,metal,cancion,Chaoskult,2011,1VxYxVF5ZlTTroJL3qvsbS,0
Etanisis,metal,cancion,Ocelotl (Guerrero Jaguar),2011,7kCOxMyc4xuL7N12uN7oAc,0
Scarlet Red,metal,cancion,What Doesn'T Kill You (Stronger) (Smithee Extended),2011,6twI6MdmFm3uTI95X2L8Y5,0
Braindeadz,metal,cancion,Murdered by Insanity,2011,57k3PcP9vyrLjaDmDIUitO,0
El Reloj,metal,cancion,Mercado De Almas,2011,3YG9kUJajTXFV01BY38go1,0
Khariot,metal,cancion,Spectral Monarchy,2011,3aX548DrB8qQByf5PkQ6Ez,0
Avarin,metal,cancion,The Unwilling,2011,3lGB5ZYDnyZk2L3IQCl0Eu,0
Blowtorch Sodomy,metal,cancion,Shitting in the Genepool,2011,5DFjRsgu6VyEruEFnAuzpC,0
John Wayne,metal,cancion,Talvez o Amanhã,2011,1wcqOn1YjsUJGObWDizdEo,3
Solstice Coil,metal,cancion,Moral Oxidation,2011,66rXzGIbsXfSF9zB1OWylY,0
Frozen Ocean,metal,cancion,Bee Horse,2011,2MhXL9rHtyp3CcXjvcY65D,0
Laconist,metal,cancion,Frustration from Above,2011,2CPPg6ZtHNNvdxrAWTPpXz,0
Hrizg,metal,cancion,The Infernal Scripture,2011,4J78sr4SiBt8gWtVp0PBeu,0
Balance Interruption,metal,cancion,Taste of Enemy's Blood,2011,2r1aBpL3U7q5EStBovKlES,0
ADX,metal,cancion,Le carnaval des lâches,2011,6He7S1SazQNQBXezyJpssS,0
Amongst Carrion,metal,cancion,Painted Red,2011,21X8lh1cWMaiV4tcEVzBsi,0
Atropos,metal,cancion,Blessed (Verses),2011,6s9EshjpmP0PiUJjO1SVah,0
Adrenal,metal,cancion,Cydonian Lander,2011,6sAOHxUIH8Vnd0HCpAywXJ,0
My Sweet Torment,metal,cancion,Seven,2011,3NaLpqKD02qeqbDYig8DDf,0
Execration,metal,cancion,Grains,2011,1MNEugvvsiawW3IIsh3C3r,0
Metal Styx,metal,cancion,Formula 1,2011,06lqwfmZ3EZ0rq1LJe1KD5,0
Vargton Projekt,metal,cancion,Lvorna,2011,0vYYYU2K3x0zCw9ev5emEL,0
Corpset,metal,cancion,V.P.O.,2011,7cGNIBSz4q4AyLqaIyHFck,0
Quicksilver Messenger Service,metal,cancion,Codeine,2011,6drsDcXNXIllB2CB76uLuv,0
Straight Line Stitch,metal,cancion,No Tomorrow,2011,4WpovaSDPtCUJIEmrBL9bC,0
War Engine,metal,cancion,Chemical Warfare,2011,62s8C8x3bdgjqMdthHhhA4,0
Черный Кузнец,metal,cancion,В одном королевстве…,2011,34UVO5G7uaKQamDqkUqUZr,0
Mega Beardo,metal,cancion,Creatures of the Bloodline,2011,3jjJr1n1Ljf1xrweiJ9noV,0
Herem,metal,cancion,Promise,2011,4vZSOsi63GkL7vchqsOqDt,0
Pretty Boy Floyd,metal,cancion,Father Christmas,2011,1bDn4xRpP9ZxffduHWkVWd,0
Fozzy,metal,cancion,Ignition,2011,4bpbjv2DrYtCtsniYt1KI1,0
Sonic Prophecy,metal,cancion,A Divine Act of War,2011,7q1Pmxd8Fny6l0slqHupcn,0
Dobytci Mor,metal,cancion,Hell Disease,2011,5Effq0bsCOvNkc7sRq8xxn,0
Submerged,metal,cancion,Dead - The Project_Pale Remix,2011,50cSqR5swS13JuyJQRK2IF,0
Andraste,metal,cancion,The Enchantress,2011,0xu53gngNT3S7K6GT5XuIy,0
The Canyon Observer,metal,cancion,"Our Universe, Written in Blood",2011,0UgrYbXoUo8RVFiuJ7U5AO,0
Herem,metal,cancion,Promise,2011,4vZSOsi63GkL7vchqsOqDt,0
Pretty Boy Floyd,metal,cancion,Father Christmas,2011,1bDn4xRpP9ZxffduHWkVWd,0
Requiem Laus,metal,cancion,Blood Lines,2011,1k4eoh443os2FIKZY3ZkhO,0
Baixo Calão,metal,cancion,Edadinamuh,2011,3tOTOMooEFsYze7iT5Ae7D,1
Carniza,metal,cancion,Dura y Pronta,2011,29fNkMXy758VhNgQpvs6ZD,0
Infernal Kingdom,metal,cancion,Satan's Cult,2011,3EoQbygKxO5HqH1oqKfuLR,0
Stone Axe,metal,cancion,Taking Me Home (live bonus),2011,66PWUPqilys2zrDICZSAFG,0
SUPERBEAST,metal,cancion,Rebellion,2011,2m6matnTWpsd7tUT1cx8FJ,0
Три Пули,metal,cancion,Неземной разум,2011,6Ln2VYq1xzJZv6IezLoloT,0
Torture Garden,metal,cancion,S.O.S.,2011,6F7WK4S8qclYP6yTbYJ6hc,0
Blood and Thunder,metal,cancion,Children of the Sand,2011,7dhaLhMUo19ohuHW0SDf6u,0
Wulfshon,metal,cancion,Natura Obscura,2011,5jz5Vp4jaihjaYAoruChiU,0
Dead Shape Figure,metal,cancion,Dead Again,2011,5puUTjkCppBLg3F7RrxBUV,0
Atropos,metal,cancion,Hypnos,2011,3TAilRSIvGkSgn1u3s6rYa,0
Izund,metal,cancion,Playground of Torment,2011,18hvgVy6IqbLeKTvtXKrqH,0
Ipsissimus,metal,cancion,The Third Secret of Fatima,2011,4OID5bPA3x2ChNk3N0qBkN,0
Стас Барецкий,metal,cancion,"Та, которую проебали",2011,1OCZz9dyGx2a46DasPMjFT,0
Solstice Coil,metal,cancion,Moral Oxidation,2011,66rXzGIbsXfSF9zB1OWylY,0
Agony Voices,metal,cancion,Forest of Tears,2011,7kbbCMJr8lJrrQ6wxapBYy,0
Khariot,metal,cancion,The Hermit,2011,14tb6p8jc9R2YJ3PVG4Ph0,0
Willoos,metal,cancion,IV,2011,5jx3I6kPdggPprnJsfmr13,0
Infest,metal,cancion,Swallowed in Hate,2011,3jilQetUJcgo6R1F6IAdwL,0
Mega Beardo,metal,cancion,Creatures of the Bloodline,2011,3jjJr1n1Ljf1xrweiJ9noV,0
Quicksilver Messenger Service,metal,cancion,The Hat,2011,3uz2ekqMQkLMzGh93g4WlB,0
Execration,metal,cancion,Grains,2011,1MNEugvvsiawW3IIsh3C3r,0
Throne Of Malediction,metal,cancion,Revoker of Dreams,2011,3ZHLFOJpeA9RM7Nnz0ZBOk,0
Fozzy,metal,cancion,Ignition,2011,4bpbjv2DrYtCtsniYt1KI1,0
War Engine,metal,cancion,Chemical Warfare,2011,62s8C8x3bdgjqMdthHhhA4,0
Grabak,metal,cancion,Gluttony - the King's Jester,2011,19uZ5v9s3V0FeZPv4HL9LC,0
Dødkvlt,metal,cancion,Children of a Failed God,2011,2bMdlUnfG81vopG53pAOAG,0
Doug Webb,metal,cancion,Rhythm-A-Ning,2011,6UihHTUIPLzsAcRzo5cPB7,0
Delusions,metal,cancion,Right From Wrong,2011,5vo7LNVttXEf6RUSe3lRCH,0
Cenotaph,metal,cancion,Verbalized Opinions About Intravaginal Umbilical Corded Fetus in Uterus,2011,16qcnj4AMyQtXQq4ovtWBN,0
Gods Of Fire,metal,cancion,Welcome to Hell,2011,1UhqwzOXmCthUKLDyGgkeu,0
Spiritus Mortis,metal,cancion,Mystic Morning,2011,4tl23oJRgYd9CvTr5JjF2f,0
Tjolgtjar,metal,cancion,Opening the Gate for Contact,2011,3wzsk2P7Z8kM3AJCYTHWUk,0
Ironweed,metal,cancion,Red Circles,2011,6vKr6RcMbz0fDIhOcReeWV,0
Thrall,metal,cancion,Mass Extinction,2011,3018LjN3L3Qsjyu6GH5z3e,0
Quicksilver Messenger Service,metal,cancion,Pride Of Man,2011,1UCqaBMa8VOeqBEN6RAIcP,0
Korzus,metal,cancion,Respect,2011,4a3NONbBxTQYNdH2r9wEmZ,1
Deformed Slut,metal,cancion,Necrobscurity Necrophile,2011,3wKKXrB5znE97sctv5fI2e,0
Of the Earth,metal,cancion,Ambient Sea,2011,6u3CLJolIf2lSQQ7XyS5HE,0
Stormzone,metal,cancion,Empire Of Fear,2011,0zWefmMkx2AnA7JA8iM0d5,0
Bastard,metal,cancion,Dementia and Filth,2011,5sxZNGNdNOVY0ZGbuje51l,0
Mind Holocaust,metal,cancion,Last Chance,2011,17H2jwvmVAwWgmdZX3nT9X,0
Zero Illusions,metal,cancion,Oblivion,2011,2cWn8LfFFLvc3yejgCEnqj,0
Ultimatum,metal,cancion,No al Estado Policial,2012,0nhcVLhjAcnv7dqPWhtHtV,1
Avalot,metal,cancion,Sang I Suor,2012,56ZJZ2NyEZTQEldCDspjqC,1
Ultimatum,metal,cancion,Pisar la Sociedad,2012,6EsLZDSxyQyPhuYfVetBSQ,1
Eraso!,metal,cancion,Ez Gara Inoiz Hilko,2012,3QNCWJh0qI9rP5fUs0tpdA,0
Eraso!,metal,cancion,Gaur Ez Bada Bihar,2012,6vGllbtJF30BfPpd5a6A5B,0
Siroco,metal,cancion,La alfombra roja - Remaster,2012,7hwOboTDUVvB5tcDPqWOsr,1
Eraso!,metal,cancion,Egunsenti Nuklearrak,2012,3nkxYIha0Jx3zqEVXKUwTN,0
Eraso!,metal,cancion,Eskura Sekula,2012,7btsjaxKqEVogPj2r9nOuU,0
Ultimatum,metal,cancion,Cloacas,2012,3InZV68OJnx3RV3tUj7OVi,0
Siroco,metal,cancion,Lo que otros llamáis amor - Remaster,2012,00ajCTOSOgK7A1xYu2L2rT,1
Rubén Kelsen,metal,cancion,Viernes,2012,7o5oaAUFGDYiSZAWGrH8mK,1
Siroco,metal,cancion,Piezas de museo - Remaster,2012,4lPRlmF66wGX3Q0BGeojZ6,1
Lithium Dawn,metal,cancion,Freefall,2012,7rj06NBqpj2gM2STKNLZVS,0
Siroco,metal,cancion,Réquiem por manos unidas - Remaster,2012,1csPL4uZos4f8ypFP3vf5n,0
Behavior,metal,cancion,"Fight, Glory and Death",2012,7roDjLX3vuz6DIUFLIb6pj,0
Atsphear,metal,cancion,Empire,2012,2ObtFWFnOIQ52wp9CiJRB8,0
Raiquen,metal,cancion,Mercaderes de la Fe,2012,34zcEcDIg3a7pN6L2gWyvj,0
Raiquen,metal,cancion,Héroes del Ayer,2012,4hxOS5phhwLi3ijsOB8Qe4,0
Sleeppers,metal,cancion,Post Traumatic,2012,3pGscK9021fXVtJTFcCGL5,1
"After Me, The Flood",metal,cancion,Truth Is...,2012,7nJIQ8EEEDHxZvqlt9V8IX,1
December,metal,cancion,Latência,2012,4FblfTmH6YDqnogl9w6mHK,6
FAI,metal,cancion,Crença Sem Fim,2012,49HLE7QZqabnB7irgP9jpM,2
Project Pain,metal,cancion,House of Pain,2012,1ODsEQa08mE4kBtLcZNcMI,0
The Prisoner,metal,cancion,...Into Storms of Cries...,2012,0ZoWmHqyuVtNs5OsUFNAtk,3
Sun Gods In Exile,metal,cancion,Climb Down,2012,1OEDwOgOdwou29m4kEJDKj,0
The Prisoner,metal,cancion,An Ode to Passion,2012,2cFngQ8JvqFTfLacWjCl83,3
Monument,metal,cancion,Rock the Night,2012,5HGCRZzC4CbTsuQxofzcKZ,0
Anesthesia Of Beer,metal,cancion,Toxic Waste,2012,0wHljCyUSjd0bzKtvcKONK,0
Cursed Sun,metal,cancion,Cruelty Concept,2012,6sB5K0ljm9lhJGwAsSYtUG,0
Coram Lethe,metal,cancion,Where the Worms Crawl,2012,5Oh6Y6KfsRlul1OrRS3FqI,0
Seax,metal,cancion,Heavy Metal Seax,2012,2xbhrCxRNh2esza5VKgPIb,0
Huinca,metal,cancion,Huinca,2012,5N4cNRkDQPv85q7NNnLdhF,0
Serial Hawk,metal,cancion,Watch It Burn,2012,0DgtLjOYGtAjQo9SC1bHyh,1
Saratan,metal,cancion,God That Disappears,2012,0OzD6eKW7d0ERHqbEKw2Ng,0
Decline Of Humanity,metal,cancion,Six Gallons of Hate,2012,14sO6B3GGc59R3drcjcMAC,0
OSV,metal,cancion,From the Everlasting,2012,1IKof9u4x3fWOrMw3A2hhf,0
Infernal Poetry,metal,cancion,Hypertrophic Jellyfish,2012,0qyXLxlK1LXKZhi1AorqUd,0
Huinca,metal,cancion,Santa Pedofilia,2012,61OVK7psGSyijrHaciSJov,0
Dead Beyond Buried,metal,cancion,The Dark Era,2012,7wI2Px9tw9S4sQbKHBWgsK,0
Vangough,metal,cancion,Throne of Rust,2012,0eKec0iAyQEpKzZl3Fmtmm,0
Saint Diablo,metal,cancion,Whore`s Bath,2012,359SCGXQX81DEmwsHQlaww,0
Dimlight,metal,cancion,Black Hole,2012,3NanvzFdoIHGCKgPTRfYfE,0
Epidemic,metal,cancion,For What?,2012,1pxdM8QMB19XGIfVlbPMy6,0
Aegonia,metal,cancion,Иска ми дума гората,2012,2xnAdZlZ2qgzCluUNuEADu,0
When Darkness Falls,metal,cancion,Stay,2012,4rVhlO7oETv5CrlLuJU7r9,0
Cold Crypt,metal,cancion,Darkest Symphonies,2012,3uxO3N1SMxCcfEpfkpDZwb,0
Nameless,metal,cancion,Minuto de Aire,2012,7kCerTZyYdEXSd88Zg7wk3,0
Laser Flames on the Great Big News,metal,cancion,Not Living,2012,55zTjFcNxfW22UikdcRakm,0
ZeroCrowd,metal,cancion,The Fall of Days,2012,5Ohid9m2yfM2cKvABR1fHy,0
The Path of Dark Salvation,metal,cancion,A Heroes Tragedy,2012,0ZnKs3KHFFi2OrOPGWMdD4,0
Embalmed,metal,cancion,Bury the Cross,2012,5TqUuIiHypg9bd8ojhCEZ3,0
El Dragón,metal,cancion,Sucio Poder,2012,5OyrA5jnRSwMFtOdf3qEby,1
Navjarmaahr,metal,cancion,The Eyes,2012,6Lmwqm15bOqu1iZUqi0yLz,0
Nowen,metal,cancion,Crown of Fallacy,2012,0BYNJV8Lxze9CyX7ckJS7G,0
Renuen,metal,cancion,Distorted Reality,2012,3Wrj41IRtaSeAjcr52XPoX,0
Maskhera,metal,cancion,Klon - Demo,2012,0kTI3l9zXtaDKMWrqYmnRa,0
Massive Assault,metal,cancion,Finished Symphaty,2012,4MU47vmM81QWCyHunY5qc0,0
Antagonist Zero,metal,cancion,Catatonic,2012,1kVqfHjM0m1AfcF3SPYI1q,0
Dark Nova,metal,cancion,Twilight Star,2012,1BNbDg9UwuJdlwIeKhHtYM,0
KATHEW,metal,cancion,El Violín del Diablo,2012,0OzQ1YEv98MRRlpHeiWPjU,0
Winterblut,metal,cancion,Vom Endlosen Schrei (2011),2012,1YIt738fT4ufRJ2uECrypw,0
Dark Ambition,metal,cancion,Crimson Temptation,2012,010ZrUd5ngIPER6adZhk2T,0
Andralls,metal,cancion,Enemy Within,2012,3UbCCaJ1nJ5ZFLDh6f5G9h,1
Chainsaw,metal,cancion,Too Much Drunkin',2012,2S9nGQ17HnCQftQ60NRaUy,0
Tri Mebius,metal,cancion,Promised Sense (Instrumental),2012,6bepHovYnjb3OaV6wRCDwk,0
Elfsong,metal,cancion,Hangjáték 1.,2012,6KUkjSFyUlezIzPJ1fjUr0,0
Zombie Cookbook,metal,cancion,Then You Scream,2012,0T48TIWb3GwQAgkDmQAoBg,0
Aella,metal,cancion,Caffeine Crave / What Do You Mean the Grinder Is Broken?,2012,6xRVP565SGlJvseASKcqXg,0
Derelict,metal,cancion,Ergogenic,2012,4cI3PdsapUR3IsxxYJlxc8,0
Different Stories,metal,cancion,The Masquerade,2012,4cIuDnGjm06zPWYSSp5TOQ,0
Before a Burning Earth,metal,cancion,Fame Consequences,2012,0p8SrgMyRiZv15OaXkgsZo,0
Whiteheart,metal,cancion,Gloria,2012,7naYkiHLzZSC4M6LSTs3BY,0
Saint Diablo,metal,cancion,Watch Me Kill - Instrumental Version,2012,7a9mb5JjJzJdZTFt6pTxeb,0
Nonexist,metal,cancion,Lost in Darkness and Confusion,2012,43gMVpYYTjtA0UmKesv358,0
Kalevala,metal,cancion,Воротись домой (Live),2012,7tHtQJpYP0cihyyuHH274Q,0
Эпоха,metal,cancion,Династии,2012,11f6vA1uy50KUgT7iIdMnu,0
Anwynn,metal,cancion,Forbidden Songs,2012,1fnFlfgpXFQGEGhplQPOqj,0
Posthum,metal,cancion,Afterglow,2012,3LuNa7JnXiBWDzeQruWGkV,0
Chamber of Torture,metal,cancion,The Strain of Flatliners,2012,1fnv3tV3XSUNWWMXvrH4Yp,0
Naakhum,metal,cancion,Ancient Astronauts,2012,3WryIzKzjT4Xd1AI7mUZZE,0
Gods of Eden,metal,cancion,Shiva's Dream,2012,11hHdjkDNQpvsPl8QFhK3Q,0
Sleeppers,metal,cancion,Skin,2012,5drhOo2KFHKnWaTaoOZcqd,0
Fourth Autumn,metal,cancion,Don't Stop Bereaving,2012,4zBK5eYhuhp4J7RV7Fyb2G,0
Isäntä meidän,metal,cancion,Kääpiöt Tanssii (Live),2012,15Kp4EsJB2zrtobhSsdlcf,0
Ascend,metal,cancion,No Way Back - Johnny Yono Edit,2012,1BRz5jD5SsCjaJ8jpjvnVc,0
Rygel,metal,cancion,Asking for Your Vote,2012,3sHvAe8IjmDVsyarLnIv7F,0
Asgård,metal,cancion,Фараон,2012,6Qn5Guco3ezRJOxfNGxM4c,0
Magnam,metal,cancion,Ruina,2012,7D9ZS05x4Q8sH3oFSxQ9C3,0
Whiteheart,metal,cancion,Hotline,2012,6O7hHk5juAwRJRoOR5XUwJ,0
As Silence Breaks,metal,cancion,Decimate,2012,3IpFDVzToovzR8R0fwte4U,0
Go Go Rise 美好前程,metal,cancion,房間,2012,7fFYg6vMPqfeTWaoENi2b7,0
The Electric Hellfire Club,metal,cancion,Invocation,2012,0D7Ia2bTwz0ZLarZv6BBln,0
Disconnect,metal,cancion,Chapel Of Hate,2012,78bIrHuv1S5V51HKM4TS1J,0
STRYDEGOR,metal,cancion,In the Shadow of Remembrance,2012,1lJlLTHxmOTHJTmFGhOBjA,0
Whiteheart,metal,cancion,Satisfaction Guaranteed,2012,2vvs5SuIFf1DUnG56s7Q8a,0
Supuration,metal,cancion,Beyond the Atrocity (Live),2012,4mIEJSun3HlRig36BmdU85,0
The Black,metal,cancion,Hallow's Victim,2012,4zBRZOUkek113M6bpm5WVp,0
Hemlock,metal,cancion,Overrated,2012,0XBaEsREWWcye01SF9h9hH,1
Wilde Starr,metal,cancion,In Staccata,2012,4SGIuJGWuVmEfl3kBZdV1W,0
Upcdownc,metal,cancion,Dad Rock (Live),2012,3YC24vOkrm6NudajcaDrP4,0
Ñu,metal,cancion,Algunos Musicos Fueron Nosotros,2013,7psJMsu3opaxoOClb4Xwtz,2
Inmoonere,metal,cancion,Un Dia Perfecte Per Morir,2013,6v8rZZdOAHRZKDVVjlcC7O,1
Vita Imana,metal,cancion,Gondwana - Live At Wacken Festival 2010,2013,6hZez8UiGmUnahbud0LckG,1
Inmoonere,metal,cancion,Dígue'm Qui Sóc,2013,6DTFexnJV331Qw38RP0A7N,0
Urtz,metal,cancion,Hutsari Begira,2013,37tbb675GO7B9lnWmEBbMF,1
CHILDRAIN,metal,cancion,In Defiance Of,2013,2icJLRUxqWWv37YUBEhziV,1
Vita Imana,metal,cancion,Paranoia - Live At Wacken Festival 2010,2013,4SRnQqthXLdavQ3TBZc1Jp,1
Vita Imana,metal,cancion,Corpus,2013,1OqXynzxRPmo1L8rpJ7F5D,0
The Brosas,metal,cancion,Falabarato,2013,235Rgr460UywfTvJueAF6p,0
Ósserp,metal,cancion,Segant entre diables,2013,5xM0591lCIjWEzd3UoyOvY,0
Pedro Andrea,metal,cancion,Dr. Feelgood,2013,7sfSukfuF2i1ITgRbD6dUF,0
Os John Deeres,metal,cancion,A Lingua Do Mar,2013,4qDklxaYLTlKCh0uQDABwk,0
Sinaia,metal,cancion,Primera Vez,2013,60eGdzeYGt25vWuFfT4GTZ,0
Dejadeath,metal,cancion,Every Pig Into The Fire,2013,2ANTVAosnST64c0bySGZGr,0
Vorax,metal,cancion,Desapareciendo,2013,3eiZjOP2YFbPxjTDl0pA8u,1
Avalanch,metal,cancion,El ángel Caído,2013,4AzQTAxvWhMI84S9YH2F1s,1
Torben Enevoldsen,metal,cancion,Lost in Space,2013,5uyrorlMIwDKTHL880Dpvt,0
Ministério da Discórdia,metal,cancion,Malditos Sejam Todos,2013,4aLm4j0WNIELUsuxNUlXow,2
Confronto,metal,cancion,Imortal,2013,22Au1oMreqRyyEvxspRh9y,4
Agitator,metal,cancion,Look In The Mirror,2013,5sHa3tKdNk4Rh1HxEvmMSv,1
Angélida,metal,cancion,Alguien,2013,6GTpJ08HsYKDKVk4ffsZCt,0
Vorax,metal,cancion,Como Los Peces,2013,47uUU1Iv9s3Yyj2oyibEgm,1
Vorax,metal,cancion,Reyes De La Ignorancia,2013,18WmxSHcEp2ZKLqoguhQZx,1
Bravura,metal,cancion,Ignorância,2013,0Vcx4W2mrrViq9nL8gtwVx,0
Kraton,metal,cancion,Tyrant,2013,0R7cgVYrjaMcNNF43SzFPm,0
Mark the Hammer,metal,cancion,Ken Il Guerriero [Demo],2013,07baaREBqKUt4OCeX6M5ex,1
Lucid Dreaming,metal,cancion,Where Evil Rides,2013,665O3SqZJBhSr1nkFWoIbg,0
Death Toll Rising,metal,cancion,Revelation Despair,2013,4V6s3gCe83eW7FnH32YCp7,0
Avhath,metal,cancion,A Kind of Certainty,2013,0ns6qZ5VaXas6bI3s1huyH,3
Aeternum Vale,metal,cancion,Into the Depths My Acolyte,2013,6evDgmhIisEnojGjdHajVy,0
Arcane Reality,metal,cancion,Beyond the Sea,2013,2lpRAyDkzh0Z7xabbddKpO,0
Maintower,metal,cancion,Estamos en Guerra,2013,47QTrKA1qDvDaQyJ5iRrro,0
Fusnota,metal,cancion,Под Моите Крила,2013,1X78nKuuNCsOyxRDUbLRKv,0
Reverb Gun,metal,cancion,Silent Cartographer,2013,7kCNOw6ZujGdscVGXrGJiv,0
Enthroning Silence,metal,cancion,Of Torment Towards Fairy Grace - Original Mix,2013,6Q4lI3hPpkkhP240L4vkmm,0
Os Pedrero,metal,cancion,Lúcifer,2013,082pmAljrdxcQzxqvAuSKz,1
Tragodia,metal,cancion,Once in Arcadia,2013,6Q5ICCA1g3L6icNmfe0Ih1,0
Black Pestilence,metal,cancion,Greed for Greed,2013,3T9FxgKWnGsIS4eNGL0MOE,0
Psychocalypse,metal,cancion,Staring As a Wolf,2013,3lmz9wodCxwHNv7lKJrkjW,0
They Came Bearing Arms,metal,cancion,Shadows in the Shapes of Men,2013,4MASMk5VXXMVBOqxhhECD3,1
Spitback,metal,cancion,No I Am Not,2013,4tX4Lzdh2NdUyJBdiFOheg,0
Komah,metal,cancion,Become One,2013,2nAfqcYJSGYpsSFJPQNDj1,0
Logic of Denial,metal,cancion,Reek of Perpetual Infamy,2013,6s96JfbmIc3dsoDarJydoB,0
Sky For Sinners,metal,cancion,Face The Fact,2013,4HPgy4jDe7Byt153Wmg7uM,0
Category VI,metal,cancion,Real Lies,2013,1IJYJc4t5VCmV7GrUgoyGM,0
Goresoerd,metal,cancion,Soerd,2013,5GL4gaDsH8X41hrpFnWH7E,0
Last Great Nation,metal,cancion,Uncivil Disobedience,2013,5GLKVuoZSW1rIMC2uKSfFt,0
Screaming Condors,metal,cancion,Comitter,2013,6GHS3aibSNROXOf08FmWhW,0
Enhet,metal,cancion,You Stand Alone,2013,6Q5bxZyu7bUAF9aUJUX19g,0
Гран-Куражъ,metal,cancion,Первый день осени - Live,2013,6C0CaaTh9v6OSr0HO3Ximp,0
PiroSaint,metal,cancion,Real Psychology (1996) [Live],2013,7yFbauuLjg1OCyvXwvjdCY,0
Madness of Sorrow,metal,cancion,The Death Crusade,2013,1dXugw6tEO5LptYFgo9I1b,0
Siege of Hate,metal,cancion,Beware What You Wish,2013,1wGLrJ83XjZtpb1wuGhY0m,0
Draugûl,metal,cancion,Bûrgûlob-Agh Ghaash,2013,0l0XD8Rkj7wIOh44c2hLfg,0
Fjoergyn,metal,cancion,Genesis 2.0,2013,5CxM9whkzWRHSL4WE9mLMO,0
Submerged,metal,cancion,Cannibal Holocaust (feat. Lethal and Khanage),2013,4rsZdqRvbluYVLCY8U76ZZ,0
Bleed The Man,metal,cancion,Walk Through My End,2013,7kEUH20ZUi3HV1eWPMBAKb,0
Lost Regrets,metal,cancion,The Role,2013,26rga3L3HAhZEGCGXH7NrR,0
Necroratory,metal,cancion,Call from the deep dark forest,2013,0Tfp9gOywtfDITjGtM2RJ7,0
Replikas,metal,cancion,Gulyabani Müzik - Remastered,2013,3LuZtQhR5ErWf4oLLE36m3,0
Majesty Of Revival,metal,cancion,Nameless Guest,2013,3JmEcoGWVOlaOPCx046YI0,0
Tagada Jones,metal,cancion,Manipulé - Live 2013,2013,2C7f1hVaxNldwitIumQr4P,0
Ankhalimah,metal,cancion,Radiant,2013,4a04Xjd3i9wJRW17YmPyps,0
Days Of Anger,metal,cancion,Filled of Hatred,2013,4MtNsOkds4r2Jl33F5h2RK,0
Gore Inhaler,metal,cancion,May Erection,2013,1kpnjw8Qk6QSJIp3Ba43Yv,0
David T. Chastain,metal,cancion,Within the Heat,2013,0MA78BeUuzQ10VBWbnXhJ7,0
Carlos Lichman,metal,cancion,Barghest,2013,15ER5Ha6zVuFCwAuHHA3o5,0
Imagine Iris,metal,cancion,A Fading of a Storm,2013,3N8XTtVuq4bd7uBnWvLqHm,0
Dobytci Mor,metal,cancion,Flesh Mills,2013,1MMICH7jLKiAALKYhWP5cR,0
Avhath,metal,cancion,Per Aspera Ad Astra,2013,1mjv1Z8n8KHQowoPAmJHs8,1
Replikas,metal,cancion,Eskişehir,2013,0T2UD5wfYwbw755HN5eFgR,0
Slavetrade,metal,cancion,Join the Revolution,2013,5nzFombmqYwaFx9MhWwVMq,0
Rotten Pork,metal,cancion,Sangre y Obsidiana.,2013,4OX4EsOUGOQ472AwiHlu7n,0
Reaktion,metal,cancion,Get Out - Hot Shit! Remix,2013,4ZyrGQKW3C6VVjDa11RInQ,1
Blood and Thunder,metal,cancion,Enthroned in Ice,2013,0BZDzrJb4Ci2oKvx3zKcRN,0
Angry Again,metal,cancion,The Ways to Rome,2013,3EuVBHDW7i7FuvKl5RoaZw,0
Dawn Vally,metal,cancion,Intro,2013,4hLXbmJGmojHKm4aBpShyT,0
End Of Aeon,metal,cancion,Too Late - Reimagined,2013,0hVxDRkEwc41a6KtkQpXso,0
Elliott's Keep,metal,cancion,Tale of Grief,2013,2cWUaRM4e6oy4OfStTk9C8,0
Komah,metal,cancion,One After Another,2013,5vUlBZIbMn56eVMTAHbgWo,0
In The Burial,metal,cancion,Bleeding the Innocent,2013,27UKJOu86hVYEWAByJAnZn,0
Flagellant,metal,cancion,Rousing the Serpent,2013,4KrRn5MpfelBzCMnMkQBpg,0
Blood of the Sun,metal,cancion,Rock Your Station - Alternative Version,2013,3lAXETPWb70TRVO0uquBBE,0
Reaper's Scythe,metal,cancion,Rise Up High,2013,5T7W91HHOErhpGjqcRYd4q,0
Mysteriis,metal,cancion,Tale from Forest,2013,0wtKNNNH908eTzcezXDi66,0
FrontSide,metal,cancion,Niewiadomy,2013,47Ev5RnWiAjjgSttYaUGCP,1
Avhath,metal,cancion,A Kind of Certainty,2013,0ns6qZ5VaXas6bI3s1huyH,3
Ancient Spheres,metal,cancion,Usuré,2013,2bDDFfOtVYFR1Gwaj1UgA6,0
Bravura,metal,cancion,Ignorância,2013,0Vcx4W2mrrViq9nL8gtwVx,0
Progressivexperience,metal,cancion,Madness off Illusion,2013,6hFlx4YmDMdPgrytmYEwu5,0
Screaming Condors,metal,cancion,Whiskey Storm,2013,7jKqiSGpSamkp3GmttG5ua,0
One Inch Giant,metal,cancion,Awaiting the Wave,2013,31prtsb5rK81RWlLgsimmP,0
Voin Grim,metal,cancion,I Fill The Twilight Sacrament,2013,3cCWbT7AvxivBgj2uscq3d,0
Spiral Fracture,metal,cancion,Dissonance,2013,7uLmokHhZyZ1WcD7UchDq0,0
Cult Of The Fox,metal,cancion,My Wrath Unleashed,2013,6vEWGAjYA0p4bBzDiswXHE,0
Komah,metal,cancion,Straight Line,2013,5QqSQJFWPM4wL9pcP5Kl19,0
Crowhurst,metal,cancion,Amerika Forever - Grimgrimgrim B-Side,2013,4lTvWyhsJcgAc7TisW19YO,0
Abrasantia,metal,cancion,More Than Anything,2013,3yDCXhkUnHnoiZWjPHAbZg,0
Uitzichtloos,metal,cancion,De Jacht,2013,4MVgffIYrpu0SsphqpQDyr,0
Human Services,metal,cancion,Shadows Change,2013,3VhBMOAeeaon0SKNr28IBG,0
MENDEKU ITXUA,metal,cancion,Ametsak Beltz,2014,6yk9u2pZPmtVJonrTsME5p,2
Habeas Corpus,metal,cancion,Actitud Libre y Sana,2014,2r9AEX3J9L2HB7Tp9afCEf,1
Después De Todo,metal,cancion,Resurrección,2014,0Vg1vfEHFoFFmwWTLR1w9W,2
Volbeat,metal,cancion,16 Dollars,2014,2jDTARSGqlmdTRecWzJJhk,1
Después De Todo,metal,cancion,Perdida En la Eternidad,2014,6O3JG7N7nA1Qo127n1Bige,0
Queens of the Stone Age,metal,cancion,No One Knows,2014,0xf4tnKdO9fwcuIwRvev42,0
Darknoise,metal,cancion,Soñaré,2014,7aAOhT2bj2TK5LYMUBJtz4,0
Medina Azahara,metal,cancion,La Voz del Poeta,2014,2g01FwkTwu2j8xvPJdSJF4,0
Después De Todo,metal,cancion,Hijos de un Dios Menor,2014,1lN8ZihbtuDCsFfM1lxFUZ,0
Lujuria,metal,cancion,Profanació,2014,1xeyVyF73LmBs8xSjyfVAk,0
Setge,metal,cancion,Fang I Setge,2014,3QeI2PpL2lMV4SCNzfzxiQ,0
No Guerra,metal,cancion,Aquellos Amigos de Algún Lugar (Bonus Track),2014,7H77dCmjC2nKCmZcQibXoN,1
Cold Times,metal,cancion,Lawless By Nature,2014,47knlL4UfRfasl7jpdwWHk,1
Oblivion,metal,cancion,Solitary Soul,2014,0oJB8zFZOQBG9atdo7K7qk,0
The Arcane Hate,metal,cancion,Blindfold,2014,28tzuyTO7LN39GW1PYi118,0
Barloventos,metal,cancion,Ya No Estas,2014,4y9AuahRbrg0Bcj6XpG6KU,1
Garrobos,metal,cancion,Rayados,2014,1DBvjggnx2stAW9sXuWwy9,8
Kapital,metal,cancion,Rock Tragedi,2014,7MeYVig7WL7iXhZrz2f3hJ,6
Cromlech,metal,cancion,Punished Innocence,2014,1Gs2ybg7nZ6XgCbyrRYNf3,0
Star Insight,metal,cancion,Poem of Misery,2014,5o0STnqiK27kKF15aTfh2Q,0
Xecsnoin,metal,cancion,Leaving Saudade,2014,3uxhi823Yk9Jonk3glPbNO,0
MORDiCUS,metal,cancion,Prêt à décoller,2014,4KwbJZ1keI4Sit0bijGHOO,0
Lord Byron,metal,cancion,The Sands of Time,2014,56LEbfmtQjjcz1V4h9E0DP,0
Seed,metal,cancion,Ragga Drop - Tino Breh Remix,2014,3gxzk5FSkMXLcG9s3EPf4T,0
Invertia,metal,cancion,The Sidewinding - Justin K Broadrick Remix,2014,569pQq02NDfPVoeDR6AwKy,0
Ebony Archways,metal,cancion,From The Depths I Call,2014,4IUkFRA6BACg8hmxVYQY3r,0
Asgrauw,metal,cancion,Uit Grauwe As Ontstaan,2014,1XwHRHLmmSfY9pGCQmimz0,0
Pearly White,metal,cancion,With You,2014,3akWZRl8Ar70lmeyQx1LDt,0
Headcrusher,metal,cancion,Peluru Kendali,2014,0qfEkUmkouCV9m9O4ZRIXC,1
Helker,metal,cancion,Helker,2014,33ZEeP01lGdMqNoCZWJsk1,1
Leprosy,metal,cancion,Sobrevivientes - En Vivo,2014,2uN6n8xeKU7ImEH3cVPkTf,2
Disparaged,metal,cancion,Change of Flesh,2014,4aBvcVU55JbNlrNA7RsDDS,0
Tenebrarum,metal,cancion,Struggle in Me,2014,6ZdQVSfIMapCk9QueYW3aD,1
Gates Of Eternity,metal,cancion,No Concession,2014,5VXldX8dZGR0y4O6fpaWel,1
Azziard,metal,cancion,Disgression,2014,0o9favXiJBwJlEkeMdh2wf,0
Envenomed,metal,cancion,Mechanical Enemy,2014,2XDq1hrJGYyhPnPnrXW3sR,1
Diktátor,metal,cancion,Ez Kell Nektek,2014,359hpS9j970rTTbbHp9EkU,0
Gaytheist,metal,cancion,Post Apocalyptic Lawsuit,2014,4xQSfh8ZrNEbbEq4w60CUV,0
The Morphean,metal,cancion,The Mass Infection,2014,7tyMqFLuR8DziGBc6POgYE,0
Transmetal,metal,cancion,Decorado Con Clavos - Remezclado y Remasterizado,2014,4Dmop8hof6Dhbac04ThkOH,2
Consecration,metal,cancion,Buried Alive,2014,6OMiHoUugrc2vMplSScPH1,0
Truth Be Known,metal,cancion,Misguidance,2014,1vsbPCtYY8nEpGNQCTOrZY,0
Jenna Eight,metal,cancion,FFF,2014,3HOUmpE4Lytdl9ixwwkok8,0
Bloodthirst,metal,cancion,Imaginary Reasons,2014,5wIqSCXX0Zaq760qUHbgDR,0
OBEY!,metal,cancion,Oração,2014,12KFHVlsSJ4gEjmiMCN2Hi,1
Pig Rectum,metal,cancion,Disestablishmentary Racist Messiahfuck,2014,3DUeDfFlC4y4RGVPOc7Q5j,0
Void of Reason,metal,cancion,Motion Sickness,2014,72IrD4JnuBp6USdMK8aZA3,0
Scandelion,metal,cancion,My Darkest Thoughts,2014,6xIAR4aygR603kTHwrUZhB,0
Flayed Disciple,metal,cancion,The Maniac,2014,7FKMgKHujy8KNnA0ehpib5,0
Exhumation,metal,cancion,All Seeing Eye,2014,0mveeGcjrDvNcuqTOw6XqU,2
Apron,metal,cancion,Der Letzte Akt,2014,1JGAV1nsIm6vDUaWZhFDIC,0
Histeria,metal,cancion,Oscuridad Perdida,2014,2zMshcfzYs08DT3KntQmbW,0
Amocualli,metal,cancion,Chalchiumeztli,2014,0Tzx3ghFfiPsiEX1rlXSEP,0
Embrace of Disharmony,metal,cancion,Dirge on a Soul Staring at the Stars,2014,35AATNSLizM9Et7WzSlk4A,0
Abandoned Elysium,metal,cancion,"Dark Hallways, Open Skies",2014,3yn6eTOSFf330E8lytM2Ct,0
Transmetal,metal,cancion,Sufrimiento Químico - En Vivo,2014,1TVNMbbZuc83kKchqFtKzu,2
Power Praise,metal,cancion,Fé,2014,7eR67IaGT5q1o37TcB5lFk,4
Sethirus,metal,cancion,Faces in the Sand,2014,2cE7ExG6eerkmfVEAffWIm,0
Adonis Muerto,metal,cancion,Apertura de la Boca,2014,7GRFvo22FiESLoQgGrdpC9,0
The Black Passage,metal,cancion,Das Streben Ins Nichts,2014,6GHuqKmR7E39XibJ1dJ9xf,0
Joseph A. Peragine,metal,cancion,Washing Dishes,2014,3gz5Ap729DxrG8fJDEM8ak,0
Crowhurst,metal,cancion,Fuck You Ringo,2014,1I9Fxoi9AmPAt335oMXzST,0
Confess,metal,cancion,Unormal,2014,5nXwG66MOM5xzGdYKfij1a,0
Антарес,metal,cancion,Ворота спели на дорогу,2014,0bWwvHodcgTKbB9uAiBEx3,0
Nunslaughter,metal,cancion,In the Graveyard,2014,6yMQpl0FqXc7wkSnqKQyfC,0
Amocualli,metal,cancion,Ejekakiauitlani,2014,0SzHz5bYZ7GELPHvV11aIp,0
Animals Killing People,metal,cancion,Cloaked in Carrion - Bonus,2014,27DihPn8mXddRrTmIvB9ud,0
Fist Fight in the Parking Lot,metal,cancion,Side Stepping Ninja,2014,3oWiL5QPIXXSBXJGGL7jtf,0
War-Head,metal,cancion,Return to Myself,2014,0A7eUg2Sx43jm25I86LaAi,0
Morphosis,metal,cancion,Plight Of The Fallen Ones,2014,3d0bmvB6rzBSa6k2MrxJdJ,0
System Horizon,metal,cancion,Absolute Zero,2014,2rpLPmhHrlocycskU19ni3,0
Flashback Of Anger,metal,cancion,Hiroshima & Nagasaki (Is This Mankind?),2014,6GDIcQvvK1OqSYxBhIiqFk,0
Hellvetica,metal,cancion,Take Back My Life,2014,1vekjeGojSXTgQn5iqMWNJ,0
Aspid,metal,cancion,Avanzando de Espaldas,2014,326UjszNKWDBIUsTFxGGCj,0
To Set Ablaze,metal,cancion,Eighty-Eight,2014,4ErP15qCIW12tZuGuX76hM,0
Choronzon,metal,cancion,Heksene På Lyderhorn - Remaster,2014,5PuhC1QuoFruKs4dhBosQn,0
Ripping Flesh,metal,cancion,The Arrival Of Chaos,2014,4pi6TN0Mytvfb114iFKqIi,0
Rakoth,metal,cancion,Lineage,2014,1ec6b2QQGWxQCxs34g0nhX,0
Solace of Requiem,metal,cancion,Pools of Ablation,2014,5cQXKuGYsWurcRTf33KjqN,0
Phronesis,metal,cancion,Urban Control,2014,1eUy8kHAFADOoRrKEH7OEn,0
Sudden Rage,metal,cancion,Intro,2014,4aAwLuLGSVOz1pAItNBLpg,0
NeverWorld,metal,cancion,Wheel of Misfortune,2014,2bhRVd0AG8flhRIbh0beA5,0
Eternal Voyager,metal,cancion,This Is War!,2014,0kB1HfXTU9WSgkKcMUxyzt,0
Obtus,metal,cancion,Campo Minado,2014,3Wn6UCq9dz6own5KcHkxA9,0
Negative Face,metal,cancion,Pán Zrcadel,2014,0EItGrceFS4d1daRl8BOGU,0
With All My Hate,metal,cancion,Genetic Aberration,2014,5GZU6Hb3sGfGfBlhm00sTJ,0
Havenless,metal,cancion,Prelude,2014,6vJm9oJZJZUM7RZy5yGCWQ,0
Vox Mortem,metal,cancion,The Agnostic,2014,1OEMsLcyPnWqo9Y4drmtQN,0
Cursed Sun,metal,cancion,The Seven,2014,2hndde0BZdKh6Wi4oQcz62,0
My Dying Faith,metal,cancion,Ashes Embrace,2014,3ldzqYiRK9pw0iXRAaLJAi,0
Aonia,metal,cancion,Echoes,2014,5OZSWnWPKDNWzbKjTgsVq5,0
The Unchaining,metal,cancion,Lord of the Autumnal Mist,2014,34mO4kvzqVelUbuoylqERK,0
Hollow,metal,cancion,Vlad,2014,5OaqrYOd89h3y2QRtSpPCM,0
Black Sachbak,metal,cancion,Smoke Hash,2014,3LRBMHUuyaAdF2RFIO0pfW,0
Nyksta,metal,cancion,Leistis,2014,0XzvaZ64e60wHOMeVIxOZ1,0
Mourn Them,metal,cancion,Awoken to Smoke in the Woods,2014,0USaqUTZFDJbv3gWtiXJHa,0
Del Oeste,metal,cancion,Amigos Del Día,2014,4uzb2dEibierkbDwuszubO,0
Anabioz,metal,cancion,Dance Dance,2014,6lGCZWaVIPSmyna6BaQMw2,0
Dagor Dagorath,metal,cancion,Sign of Kain,2014,3qmEdNleDmU8U0IhGGD4z8,0
Infection,metal,cancion,Worse Than Being Dead,2014,4oD6WiQLz5sFagRaFzLvcs,0
XXL,metal,cancion,H2O,2015,4qUKeCun1urX0dYDpjvrTe,1
Hira,metal,cancion,Doinu Berrien Bila,2015,1xsnVJAMYuhwPSjc7sBgyc,1
Mojinos Escozios,metal,cancion,¡Sí se puede!,2015,4XCIZprYGwwSp128P6cZMb,0
Teksuo,metal,cancion,The Swarm - ANWTB Version,2015,7D8eyxliyZvMfaHE73OTKo,0
Atlas,metal,cancion,El Imperio de la Ley,2015,7ljQz53c2xzCARGKyTKjV4,0
Hira,metal,cancion,Doinu berrien bila,2015,6KwyCetReY6gqVigVB4Qrp,1
Skunk D.F.,metal,cancion,Ícaro (Live),2015,5o896HqEuTDxPUH5sQVGs9,1
Abramelin,metal,cancion,Cannibal Apocalypse,2015,7GV8jd2OsTmXL0Mr7J8bW0,0
OTRA CARA,metal,cancion,Frente a frente,2015,79j5fD6U9xW4svbLSGQfy5,0
Cold Times,metal,cancion,Above It All,2015,1LeSS5b8eS4f2K4vpKl2Kb,0
Insaniam,metal,cancion,Sensory Dawn of Release,2015,5IPb2lcrU8S6tmbzVOOORZ,0
Mad Dragzter,metal,cancion,Sons of Thunder,2015,1p8W0l2NsxMOJmJct15wXB,5
Evil Conspiracy,metal,cancion,Scars with Pride,2015,6PDDzEnyzlwAnT9PmCgQIs,0
OJM,metal,cancion,Theorem,2015,57kDktav1o0AjOloOzZpwT,0
Liar Symphony,metal,cancion,The Crowning of the Night,2015,7y2dqZHcIXKCkI7ipR9iqj,1
Larva,metal,cancion,La Razón de Lo Que Soy (Orquesta Instrumental),2015,24C9VLRkmCWU5QM7eX3dwV,2
Yoğun Bakım,metal,cancion,Son Nefes,2015,2px5AmtH7Tur9S55ybJe4z,2
Absolutus,metal,cancion,Pugnare in Iis Quae Obtinere Non Possis,2015,4ITVrhj4Nn0M1fYw0hAGnj,0
Nervous Impulse,metal,cancion,The Last Call,2015,63MBhLLfaxQLXPlXzAAqPW,0
Funus Evoke,metal,cancion,Alma Muerta,2015,0f8sfiuFsgyTj6oF8Sic4u,3
Serpentor,metal,cancion,Sentenciado a la Calle,2015,6yVyJW5vz1EeUiaow70qcT,0
Sempta,metal,cancion,Apocalipse: Capítulo Final,2015,0VcOejIh6cY27l6PueV3H0,2
The Killing Hours,metal,cancion,The Denied,2015,4UYUe1ShQ4UtFs29d6XTaq,0
Killson,metal,cancion,No One Man,2015,0rpVj2cCISiVjMOR80urJ9,0
Of Noah,metal,cancion,Epitome III,2015,2JCjFnxk2fysi0ZlPICnRA,0
Kilter,metal,cancion,Hole in Heart,2015,2n19dkghX5lGD0ZoH8Vp0N,0
St. Prostitute,metal,cancion,Scream,2015,4lPX6DZinVFGsEj5up0KvU,0
Wage War,metal,cancion,Twenty One,2015,2fcZFSELXjprlgpZxovd3Y,1
Nuclear,metal,cancion,Waging War,2015,130GXoKArjI2GrViiYf2bo,0
ILIOS THANATOU,metal,cancion,Θρήνος,2015,3iDlZNuMNjG8z25aqIhhtl,0
Awaiting Ezkaton,metal,cancion,Goliath,2015,3uxc5v657Iv1rnf7bSHkPn,0
Triaxis,metal,cancion,Death Machine,2015,7kbzclYUaZlP4fuT1kjbj5,0
Thrunda,metal,cancion,Poluição,2015,72mndijjsLOwtLa4zn9Nds,0
Vardan,metal,cancion,The Cry of Dying Forests,2015,15F3VsY4bYWmxbUgYlHWiv,0
Inquisidor,metal,cancion,It's Too Late,2015,2zMkwkRe6vJqoLdABo2ROE,0
Bankeray,metal,cancion,Blarrr,2015,1CJJDHmLqsuLOelg8dZimT,1
Mons Lvnae,metal,cancion,The Nameless Headstone,2015,02Wq1KUdoK2707wpxrY2MQ,0
Cosmivore,metal,cancion,Breathing Fire,2015,6ba81QETA32MET2Idou1sc,0
Hocico,metal,cancion,In the Name of Violence,2015,4rWaMfwStRoxdpdhJKeWLv,0
Screaming Condors,metal,cancion,Comitter,2015,4J6uY2D0NHAAIAhpPExg18,0
Antonello Giliberto,metal,cancion,Endless Labyrinth,2015,5U5l96b51wJzfFyn1wkXE1,0
De Profundis,metal,cancion,Beyond The Threshold,2015,5t8k3VmJSqmDPc9UPlji3Y,0
Army of Dagon,metal,cancion,Ruins,2015,56KwlqmvLmaaXnOFiOgeBR,0
Midriff,metal,cancion,Mind's Health,2015,65CfCG3XlFDuIiaJMXpRHR,0
Victim Mentality,metal,cancion,Bandit,2015,3mqVRtjO2ygUP4jl9ysitr,0
Pile of Priests,metal,cancion,Akeru,2015,7nOpLG6Ajp7hUTZqaofuQa,0
A Crime of Passion,metal,cancion,The Desolation,2015,2DXTM7A9j0yTwxhBv4ORQr,0
Black Medicine,metal,cancion,MISDIRECTED RAGE,2015,19pC3sqLQFr9Q3CdTrY0Fk,0
Salvation,metal,cancion,Inno in Senses,2015,3uz6PceSV4lFrgYHgckSdz,0
Formally Lethargic,metal,cancion,The Primacy of Practicality,2015,3NZ00HmSh78PRTgOEISFQT,0
Transmetal,metal,cancion,La Horca,2015,09kCS1Hq7lh7KiEp7q2lhW,0
Khepri,metal,cancion,All I Am,2015,14u5SCtZ4ArZVynss9DFZ0,0
Awakening the Revenant,metal,cancion,Infection,2015,4D1XlUyCdNnZeAOVqdUQQE,0
Ogotay,metal,cancion,Axis Mundi,2015,58u7BhtWgF1FZmyFG7sgQw,0
No Race,metal,cancion,Despair of War,2015,4TRVMZ6oJvJhQhNov6tEOs,0
Negacy,metal,cancion,Need No Guidance,2015,2yndN8BmQ7UlPtQobG6VA9,0
United,metal,cancion,DON'T LET PEACE BREAK OUT,2015,4t3hzaVnQLEQIMsK2M63pa,0
End-Time Illusion,metal,cancion,In the Court of the Pharaoh,2015,41fm3i8LmhhU6R32tbKpLV,0
Grÿmt,metal,cancion,Phallic Salvation,2015,0T2VErCIi1rCD9LxhU4CAV,0
Brothers of no one,metal,cancion,Brothers of No One,2015,1t1KIBZjxUAR1vGSvSP2fS,0
Isengrim,metal,cancion,Maata Ja Multaa,2015,3ym7J0k7KLebIxgAUzYCBM,0
Dark Slumber,metal,cancion,All the Lights Fade Away,2015,5q39liG91TfS0Ts6ht2vhH,0
Akem Manah,metal,cancion,Chant for Ezkaton 2000,2015,7jKcpaTUEcfnpp4F7XOtuf,0
Snakedriver,metal,cancion,Reverse Damascus,2015,3mDnx0AwICisKMhgaZlFuF,0
Hungry Head Hunters,metal,cancion,Gwen - 2023 Mix,2015,5FkQ7vnh9M5N3WpmQYfd1w,0
Coldness,metal,cancion,Hope,2015,12gNSPkWF8qxVXTiW9xDZe,0
Sepiroth,metal,cancion,Patrilineal cleansing,2015,3gxrLjdtJvVHbM7OhoF0MV,0
Nuclear,metal,cancion,Waging War,2015,130GXoKArjI2GrViiYf2bo,0
Thrunda,metal,cancion,Protesto,2015,5cguPSZRDFHLspc7t4vyJn,0
Beneath the Storm,metal,cancion,Burn the Witch,2015,5ErLivxONq0i63mcdIwh54,0
Human Waste,metal,cancion,Beauty Also Rots,2015,7D7qVABJIf6CjimYgP2BI9,0
Sauron,metal,cancion,Normandia,2015,6YXlZsspVEKdmQNz7gPN30,0
Khaotika,metal,cancion,Black Moon Lilith,2015,0Sy7Uvrq1b2YGWH0U3Br3V,0
"Eve, The Betrayer",metal,cancion,The Lies They Feed You,2015,3zPsd6xKFDLMPe701FOF8i,0
Septimo Angel,metal,cancion,Sigo Aquí,2015,2JC7LwVDyd5c218Al4JZKn,0
Decomposing Entity,metal,cancion,Quai Quae,2015,4M7NIW6haKuiKJDaZXtmH8,0
Arsenal,metal,cancion,Eterna Salvación,2015,6yLF071sw35yrYkGJ8bshK,0
Lycanthropy,metal,cancion,Moonlight,2015,4bY4XnSZO8o5nliGh6AZXC,0
The Under,metal,cancion,The Harvest,2015,7D9Ao8TRGeo2MIFQCdFM1X,0
Avertia,metal,cancion,Brottsjø,2015,1V5eXRzRKYNNkTV2fcfMS3,0
Rannoch,metal,cancion,Heaven's Mirror,2015,27F6wy3VtcJa715O6eBsOp,0
Yoğun Bakım,metal,cancion,Son Nefes,2015,2px5AmtH7Tur9S55ybJe4z,2
Grey Lethal,metal,cancion,Behind the Mask,2015,2v495sQTnmkJKnqIo8sFXk,0
Scythe For Sore Eyes,metal,cancion,Feast in Lies,2015,6UBrsxg7ZZ8vUlzRwAtbJs,0
Karma Violens,metal,cancion,About My Creator,2015,1pQimtGgXgSDvw88Rd6KCo,0
Honorvm,metal,cancion,Ley Universal,2015,6drAz40O2u2AhS9AstQ5eJ,0
Thrunda,metal,cancion,Poluição,2015,72mndijjsLOwtLa4zn9Nds,0
Whythre,metal,cancion,Paranoia Delusion,2015,4vZ5W5KhDbbjrIZv0vklvb,0
The Killing Hours,metal,cancion,The Denied,2015,4UYUe1ShQ4UtFs29d6XTaq,0
Bullet Course,metal,cancion,Dopamina II,2015,0R7vetT9isxvRfUEbsKEsM,0
Antonello Giliberto,metal,cancion,Endless Labyrinth,2015,5U5l96b51wJzfFyn1wkXE1,0
Isolated Antagonist,metal,cancion,Decisions,2015,1CUvQOJkaLf8SmWI2YPXMy,0
Scylla,metal,cancion,VOID,2015,01DlxwCGkLWrL1ZF9NMwSI,0
Hate in Flesh,metal,cancion,Paradise of Sins,2015,6GIAyclGVJeD2lUBYXTDEs,0
Lapsus Dei,metal,cancion,The Meeting (Live),2015,6h8fPQ6YZw0a62UyThZVCg,0
The Machinist,metal,cancion,Sledge Hammer - Matt Saderlan Remix,2015,2PBHErzpC5blYZG8HL99bH,0
Visceral Hatred,metal,cancion,Enter the Lair,2015,2Pb06eXtQSIj8vjOLCB01y,0
Eternal Sorrow,metal,cancion,The House III: Memories,2015,5UpWMoD14U7BpeMY1hipNp,0
The Bootlegs,metal,cancion,Poser,2015,115X8P8hL4az7HYImzXzk1,0
Q'ulle,metal,cancion,Monster - Off Vocal Karaoke Ver,2015,6Hdz2fBWTyIlwgtiBuqx94,0
Caos Day,metal,cancion,Las Calles Hablan,2016,4S3VlJFI02Bl82NQfgzDQh,2
Ñu,metal,cancion,Preparan - Las Ventas 2016,2016,28aWXutfSo7mEgGBRs3WHG,1
Eraso!,metal,cancion,Ez da Ezer Gertatzen,2016,6ugDKqCCkc39gv81YmFfvh,1
Bellako,metal,cancion,Thc,2016,6lA93phzEaUs2QCn28S2L3,0
Jane's Addiction,metal,cancion,Been Caught Stealing,2016,5jQtVvUwGAQB2dIJN9lgWD,1
Titular Mads,metal,cancion,Desierto,2016,7yWbTVeyTU3MGqT9t0Vgf0,0
Talesien,metal,cancion,Alma Encadenada,2016,2CJjPSJt51iKftcpSFdOuC,0
Caos Day,metal,cancion,Dime por Que,2016,2uEXeD8CjjQRUf7IMg43ec,1
Ñu,metal,cancion,El flautista - Las Ventas 2016,2016,5nKF6OHhNlomCfIQOnhZav,1
Rat-Zinger,metal,cancion,No Soy de Nazareth,2016,34m7ozaiLLXMyunNbyRFWy,0
Eraso!,metal,cancion,Ezinak Ekinez Eginak,2016,5PtVejzF0N0mIx3YBM4Wxs,0
Caos Day,metal,cancion,Generación Perdida,2016,2lXQrpTfVWJ655mcURfBFf,0
PATENTE DE CORSO,metal,cancion,Origen y Legado,2016,6UA3Ba2exO4hvyaPVYEaH3,0
Scila,metal,cancion,Before Your Eyes,2016,0DSnrZWYIi1t4ryoT2x80c,1
Nocheterna,metal,cancion,Tu propia voz,2016,4KWlGbXV0QOAKBRAJo3RlV,0
Orion Rise,metal,cancion,Orion,2016,2Ad4qGMHQJg2dIyWdogZZz,2
Ra's Dawn,metal,cancion,The Dawn of Ra,2016,3J6CMFaTPOA0PKtikHbXC4,0
Gizeh,metal,cancion,Sonidos Nocturnos,2016,0aEc6P8vB7VQxHg3ACuhTx,0
Donuts Hole,metal,cancion,La Verdad,2016,6tZpgAvIypaZH7kZycBKCj,0
Astral Experience,metal,cancion,Ella,2016,5ol9hL0PbSj2upOfaUSKky,0
Nocheterna,metal,cancion,Por siempre,2016,43Ka0Vsfi5H0IdsoA3ucAQ,0
Pulpo Negro,metal,cancion,Predicador,2016,0fsUGNZnter9abgEX5oW3Z,0
Psykup,metal,cancion,Teacher (Sors la tête),2016,2fr2BdQvxMtiQFzHnvRc3h,1
Rajasinga,metal,cancion,1/2 5 - 10,2016,5hbKwAGIYS0VvgVWUdRBDo,7
Condescension,metal,cancion,Eden in Ashes - Instrumental,2016,4HPNwO9STStwAqC2eugQuq,0
The Sign of Four,metal,cancion,Twoten,2016,1v8qPfiNcNKTBDP0A0uZ65,1
Go to Whitecastle,metal,cancion,Beast Inside,2016,7cF43QslOhaYlcrGt9HvG7,0
Sonneillon,metal,cancion,Kill the Priest,2016,3gxKaFH3gLwAqTXRnG7kL1,0
Odinfist,metal,cancion,Four Drawn as One,2016,07aLK2Fm9sbzs8qNohwfGX,0
Decimate,metal,cancion,War Goes On,2016,1s2qebKVBgqfFMC3WcKvGk,0
Controlled Bleeding,metal,cancion,Trawler's Song,2016,75V0CAjFJgxpuWhaqNKxaC,0
The Southern Oracle,metal,cancion,Chaosbringer - Live,2016,217vj6dIuhNENMPgBs4LwH,0
Scala Mercalli,metal,cancion,Face My Enemy,2016,19pCqseOqnfAUDiFUtvCTG,0
By Will Alone,metal,cancion,Bae Fortuna,2016,4y6m1ouInTn7Pbo1xDm9kW,0
Stardown,metal,cancion,Among the Stars (Instrumental),2016,0l0nk7BvvhHqmLyJ0eutH8,0
Ştiu Nu Ştiu,metal,cancion,Blodmyra,2016,5t8J6OEOFESFYzdwB3U52l,0
Neter,metal,cancion,Idols,2016,6twSUxh67o0Rzw2nKXsNB1,0
Bloodphemy,metal,cancion,Folie a Deux,2016,1t0Ta1CUOjsEpWTviLouoN,0
Crystal Pyramid,metal,cancion,Upon the Peak of Revelation,2016,4y8F0zTIVzhZksnYmPb9BF,0
Diktatur,metal,cancion,Par le fer et le feu,2016,610wB0WyaF5XSp28F6IIYc,3
Norhod,metal,cancion,Bleeding Path,2016,0o9RzT4NinjWHf9Rw3Ur1h,0
Putrid Pile,metal,cancion,I Need You Dead,2016,3lEe54WMNVNOCqJNlyO4Ft,0
Fable,metal,cancion,A Horn Heralds the Day,2016,6two54RuOUBFNv25eE6ZBs,0
13 Steps,metal,cancion,Willing for Power,2016,57lRTE7GkhtoD1f46bp6ma,0
Asgrauw,metal,cancion,Deken des doods,2016,6GJK6CzhvUHjgBHGvVRayC,0
Leafter,metal,cancion,All We Need Is a Match,2016,5ptlogf5XTvquZxP7ApRyB,0
Abyssus,metal,cancion,Left to Suffer - Demo,2016,7yGHgPxJjIV5Nhgm1zT9px,0
Bloodthirst,metal,cancion,The Viper's Nest,2016,170QVHNkStuP8v6Lhkjfqt,0
Macabra,metal,cancion,Death Speculation,2016,7nvfasbJxio6FL6T34idH1,0
Solacide,metal,cancion,The Maze,2016,6Xw0lHShge0OSZLMq28ul1,0
Avitas,metal,cancion,N.W.O.,2016,7GA72YLZJN6c5GNVnZrq7v,0
April in Flames,metal,cancion,Bitter Pill,2016,3PBLX07nBYAaNYXsesyM6b,0
Nôa,metal,cancion,La Niebla De Tu Pelo,2016,7IZd7zYIrNJWQZs3Ox07Fa,0
Isolated Antagonist,metal,cancion,The Last Death,2016,5DExYcN88XaWGcgAQilAZe,0
Mephistopheles,metal,cancion,R.J Everlife,2016,3aXxnl14SNPPvR6iDe1wEs,0
Speedfreaks,metal,cancion,Get off the phone,2016,27DjoktnkwROqwU1G1YSjm,0
Dimmi Argus,metal,cancion,I know your secrets - Single edit,2016,1FpfYl1TngevBiIXrdhKeH,0
Hung On Horns,metal,cancion,Kings & Liars Pt2,2016,04Cwf8p3G5t1eCLMyU6SoB,0
Jawcen,metal,cancion,Marchita,2016,37PAnzM37pKMQT8drYW3SU,0
Dead Rites,metal,cancion,Forsaken I,2016,7KDu6KOXbVuv5rTNI7IAPl,0
Carved,metal,cancion,Malice Striker,2016,0wKD3SNPPUMv4dmKJmQYxn,0
Circle Spectre Haunting,metal,cancion,Hymn Unto R'lyeh,2016,5OYIGQzdkP6GxLlaNztsDV,0
DYETH,metal,cancion,Icons to Ruins,2016,4NtTiaE6iQzRBFj1HEQw5g,0
Matakabra,metal,cancion,Pesadelo,2016,4RwLTDCGP6O5rzIYnVEfkv,3
Bastard Nation,metal,cancion,Mean Mistreater,2016,2XOuwd5TB2a0FNGZPMV8Uu,0
Flor De Loto,metal,cancion,Supernova,2016,27Zn0WmYwJeeiIypQPNz8W,0
Forza Diablo,metal,cancion,... Cosas del Diablo,2016,2zRZicOPZfw6xj6JeoEJ43,0
Mandragora Titania,metal,cancion,Tabula Rasa,2016,2iUd56hi0CXirnd22a2jqn,0
Harrow,metal,cancion,Song of Seasons,2016,07anw56fgTJHP5YMRJEyyQ,0
Decayed,metal,cancion,Night of the Demons (Introduction),2016,6UaVS8tioVaTQNiEXJ3QS3,0
Inbreeding Sick,metal,cancion,Stab Your Children!!!,2016,6OGRvXa175JQMjxU1USxIG,0
Sky Crypt,metal,cancion,Element of Anger,2016,1GoVQ8jifYJd2ewSD23rxV,0
Reflection,metal,cancion,"Me, Myself & I - Club Workout Remix BPM 122",2016,2xnJ0onzVaoMBESrsYrsCA,0
Immemoreal,metal,cancion,The Unholy Intro,2016,1SlCVQJazNhnrkFdpvmzjR,0
Ghost of Mary,metal,cancion,Black Star,2016,5OhmrhovSpnlwbfdOf1FTe,0
Hungry Wölf,metal,cancion,GoatnRoll,2016,1SmTKizQsJpPOUexu1hxn6,0
A Constant Storm,metal,cancion,Wasteland,2016,1bBycpjdO5iyE1DNtCx5wv,0
Standvast,metal,cancion,De teerling is geworpen,2016,06n3bNg6nYMbZgtAop6jv4,0
Arkham Witch,metal,cancion,Blood on Satan's Claw,2016,3KDdKJZVYrCw8Whf7FkzxY,0
Wolfsinger,metal,cancion,Lady Evil - Bonus Track,2016,42GF2tWkSwh1jaksyAmNtw,0
The Woman You Saw is the Great City That Rules over the Kings of the Earth,metal,cancion,Counting the Books While the Library Burns,2016,010mFyMzWmKowhFzEPQgqo,0
Teodasia,metal,cancion,Temptress,2016,18BlbTj43UhlAXWHPKGAL1,0
SEPTEMBER CODE,metal,cancion,Aftermath,2016,1hFOIWWGSLklKfJosmtAzg,0
The Burning Dogma,metal,cancion,Nemesys,2016,5t8IOcIMqRLo56zOyRUQtP,0
Cell 9,metal,cancion,A Burning Haze,2016,6eCczpI3IKDHk0yjZRicIN,0
Zargof,metal,cancion,Wanderer Above Sear Of Fog,2016,1lPVk4UluZIjtNUc1Qxw0E,0
SoundGate,metal,cancion,Close To The Sky,2016,2KB2uhRQTZeadM3zR7Evhp,0
Black Triad,metal,cancion,Zeitgeist,2016,4Mg7uBy0Rfb4XAxVOU2F1j,0
OST,metal,cancion,Leku Berberan - 2016,2016,0jCa9z4W2NPGDZEQm85D12,0
MindAhead,metal,cancion,Farewell,2016,5hBXd5wvetRvoAM03Or11y,0
Третий Рим,metal,cancion,Так будет всегда,2016,5okLWq2w0sKeusLtDiSbqr,0
Grotesque Ceremonium,metal,cancion,Burned at the Stake,2016,1q1i00MzCziFU67KT8UK4a,0
Decayed,metal,cancion,The Rise of Darkness: Prologue,2016,5uuDO82sBaeOfdQyKQjYDR,0
Taf,metal,cancion,Find,2016,1UjBbOsw3Snu7tewNRU1Gn,0
Nornahetta,metal,cancion,Essence of Standing Stipes,2016,1UjIQldUbNGMNcfp7obGFC,0
Suspiral,metal,cancion,Poisonous Essence - 2021 Remastered,2016,5dn2k8Ji6VFvEocyo7uevm,0
Mausoleum Gate,metal,cancion,Demon Soul,2016,5OYuPNwYiXyOfBtUdlompA,0
Pagan Megalith,metal,cancion,Virrasztásban,2016,4mvI4z01UHHkcS79f63yOl,0
Hercunia,metal,cancion,Uisonna,2016,0NuMaeaR4YFmduZfcGxwx4,0
All Else Fails,metal,cancion,The Sons of Plenty,2016,5ak4QPeeY6voS7Gr3IGtZ2,0
