artista,genero_musical,tipo,nombre,año_lanzamiento,id
Daniel Huen,reggaeton,cancion,Mañana (Edición Especial),2010,1viiPtaH9lAafpBo34CJLJ
Chriss Romel,reggaeton,cancion,La misión,2010,6GyJnaiUE1YmVmjIwzEmZO
Nova,reggaeton,cancion,Instead Of Silence (Album Version),2010,3bYWDjlbEXshs7wQn4mDxv
Daniel Huen,reggaeton,cancion,Pero No,2010,4ZpwKBlSuathG7w3gDmT2V
Daniel Huen,reggaeton,cancion,En Mi Boca,2010,6aBHL8N6gvat38RJhLFoLa
Soly,reggaeton,cancion,Fiesta de gala (feat. John John),2010,3LxneUNePYCgRK4G1OyMmq
Nova,reggaeton,cancion,Sleepless (Album Version),2010,7tl4GRV1xUtKpv3sq7zpZu
Chriss Romel,reggaeton,cancion,Las amo,2010,0lYAjBQXHGSH8jOTPth0U4
Chriss Romel,reggaeton,cancion,El combo de la calle,2010,41xTPBdhB9QfVdCRij9LDI
Endo y Lele,reggaeton,cancion,Ella Se Solto,2010,7n4GwjMvDCNgtUEkFAAcyV
Hector & Tito,reggaeton,cancion,Donde Estan,2010,1FmDHfYEyB1BwmcZC3uw4R
Daniel Huen,reggaeton,cancion,Testamento (Edición Especial),2010,7LR2QaDdgeS3oy6CEVTkXm
Daniel Huen,reggaeton,cancion,Inevitable (Edición Especial),2010,0SKbD4QGFl8bMtEEWYJA58
Almighty,reggaeton,cancion,"One Love (Almighty 12"" Anthem Mix)",2010,239QC73x29OwDfUIv6xGCq
Nova,reggaeton,cancion,Hunted - Jay M Radio Edit,2010,7Mol0pFtpSXu5ijbDzCNfW
Andy Boy,reggaeton,cancion,Automatica,2010,72gMrvskkWnXgeqglNuUwG
Chriss Romel,reggaeton,cancion,Pasame el microfono,2010,5cQpgxbPkoJj5N371O6zRS
Daniel Huen,reggaeton,cancion,Típico,2010,17HTgPQiEaz3tE7IAOaOo1
Chriss Romel,reggaeton,cancion,Derrota tu gigante,2010,5R7MaOJIvf0byWqix7uq2d
Nova,reggaeton,cancion,Hunted - Radio Mix,2010,41jmceLzPjlc2nGa3RVy7x
Nova,reggaeton,cancion,One Step (,2010,3WEHYsbDQwxrg57TuCGmli
Daniel Huen,reggaeton,cancion,En Mi Boca (Edición Especial),2010,5rfCy5r6CwdDKELy6ybX6j
Chriss Romel,reggaeton,cancion,Quien me abraza,2010,4jCa6x4Gc0Q9XsN4Pt4cBF
Soly,reggaeton,cancion,Intro,2010,0zd1fRgEW4CLR4abbPR8Wt
Alexander DJ,reggaeton,cancion,Por Que Te Amo,2010,22Cs12PLH6cQLvxS7jGwl9
Nova,reggaeton,cancion,Cloudy Skies (Album Version),2010,4bgqX2i5HGNzQA3ttHbb65
Daniel Huen,reggaeton,cancion,El Pregonero,2010,2v3ewrlbON238fT4D8nUH0
Sniper SP,reggaeton,cancion,Money & Respect,2010,1yyWACk8t6IYHzqqeRZxSn
Chriss Romel,reggaeton,cancion,La fiera,2010,13SJMJRqXe3J6xn6iiQaoO
Chriss Romel,reggaeton,cancion,Siento,2010,3kMnWoIZ8rV3xncM5TEcuf
Soly,reggaeton,cancion,Candelero (feat. John John & El Fredo),2010,6echu7Pyoatt68iZJsg6B2
Chriss Romel,reggaeton,cancion,Comienza el party,2010,7zkRVH04zxtzrKYX2fHrhe
Daniel Huen,reggaeton,cancion,Mañana,2010,0cYia9aBnyKy8YgjBoF4XU
Chriss Romel,reggaeton,cancion,Vive,2010,6nFn6wi0XQZEQgKMX9aoBP
Daniel Huen,reggaeton,cancion,Testamento,2010,3RI3QcWeJZbXTMg7nXBQUE
Chriss Romel,reggaeton,cancion,Por Fe,2010,2TwbZxOZPMNHu7Ue9Uetf0
Daniel Huen,reggaeton,cancion,Típico,2010,77sx73jZbczJP8EgTTxj6D
Sniper SP,reggaeton,cancion,Apaguen las Camaras,2010,3X1OoSyal9nM2sLkTKpXZY
Soly,reggaeton,cancion,Dios es el primero (feat. Ricky),2010,107nRyZovYK6LOsrJaHM9f
Chriss Romel,reggaeton,cancion,De su mano me lleva,2010,6hpdN4whSy9zvHfROyrqIC
Chriss Romel,reggaeton,cancion,Fluya - Special Version,2010,3Wm5AX8pC4sHvJSbrUasTs
Soly,reggaeton,cancion,Fama,2010,5ICTMmD1ZPytnLPg6cJ3mM
Nova,reggaeton,cancion,Hunted,2010,3Rbh3g58k8p386thevpJLM
Chriss Romel,reggaeton,cancion,Soy,2010,32hYVqaJdbVzXmTSqnYXFt
Daniel Huen,reggaeton,cancion,Inevitable,2010,6E2qbDaGD0n9hboXFGCnxD
Chriss Romel,reggaeton,cancion,Mi Ruego,2010,30wxk1kRIubQs7vd9mhSnX
Chriss Romel,reggaeton,cancion,Intro,2010,5m89AiqLidVMJZeMzhnOa1
Daniel Huen,reggaeton,cancion,Silencio En Mi Partitura,2010,1ukSMZcnqSnxOrFKWnVigJ
Soly,reggaeton,cancion,Good is good (feat. Willow),2010,7g3oB2QNcSxGm1S8fDxOAf
Endo y Lele,reggaeton,cancion,Maltrato,2010,2QPQlE9L4Wnx9K6L0TnbuY
Daniel Huen,reggaeton,cancion,Silencio En Mi Partitura,2010,6THwz9jBsE9wJKtlTb90OE
Chriss Romel,reggaeton,cancion,Cuando pienso,2010,2tm3iXcPEAdL56xGbyf3y9
Doble D,reggaeton,cancion,Porque Llamarle Conflicto,2010,4nvWLq7KC0TJzDgSSC4R03
Chriss Romel,reggaeton,cancion,Dejalos que intenten,2010,3AY91Jvr7IYBmRkGPucgnA
Playero,reggaeton,cancion,Tropic Beat,2010,05MUK6MiKrmsK0lEjrOwOT
Wambo,reggaeton,cancion,In My Mind,2011,6RQbxmNmLpIlQRQXJj1Zsn
Wambo,reggaeton,cancion,Down,2011,0SygCKafiagBpS7y2GGGGr
Domy,reggaeton,cancion,Like a Butterfly - Original Track,2011,4JJaQpAyhB51Spn66DziBx
M.J.,reggaeton,cancion,Suéltate,2011,4CnvdVvxCEJYX3I11GKMxD
Wambo,reggaeton,cancion,Too Easy,2011,5NOCXaX6oPIgRA1Jr67Mcc
Renny,reggaeton,cancion,NO CUENTES CONMIGO,2011,6Sp15LPuLWzILj7ZX0ASll
Algenis,reggaeton,cancion,COMO SI MATARAN INTRO,2011,3WyLzze9BeGmL9qId0yKhc
Algenis,reggaeton,cancion,SALGO PA LA CALLE,2011,5fzwSUngvywUPvbUvtVVMl
Tecupae,reggaeton,cancion,Sueño Contigo (with Cabas),2011,4pl9Zs0VlFfK7jzoGf8LvG
Wambo,reggaeton,cancion,Polish Up The Game,2011,7aJB5NrMQHT1tmpqGVfnsj
Jaydan,reggaeton,cancion,Es Navidad,2011,1P3fw9Bm5gkEwqcvhpijkx
Doble D,reggaeton,cancion,No Puedo Más,2011,4DQYn0cX05ok70EJ7tq0hr
Polaco,reggaeton,cancion,Ella quiere que le den (feat. Yuni),2011,5Y6CpeuiZj0N7BCIetR56f
Renny,reggaeton,cancion,MIENTEME,2011,6eFTpt3xXY697UFHU0dw7q
Jay y el Punto,reggaeton,cancion,Sin Luz,2011,00H0gvKNLYj60LE1ZwASyi
Andy Boy,reggaeton,cancion,Mami No Te Hagas,2011,3ItML9iPpoEMZbickMANyw
Wambo,reggaeton,cancion,The Juice,2011,3mUKbxDqeIwM659QMlopwW
Wambo,reggaeton,cancion,Way Back,2011,7BmbvtJpXCUvXClp9IJ0Jq
Wambo,reggaeton,cancion,Want It All,2011,4GAc19Ugw6sTPsWlMKPzu8
Alexander DJ,reggaeton,cancion,Ninfómana,2011,7zrnhqsr8XHHDqnmfMJy8L
Renny,reggaeton,cancion,GIRANDO EL MUNDO,2011,2KYLLToW6AWCtyAtgnRVBz
Jiggy Drama,reggaeton,cancion,Killa dancer - Remix,2011,0pfz34LVTCvbvYq0QWvnKJ
Wambo,reggaeton,cancion,Don't Come Outside,2011,72pWlVs5F5h79fKoLCFXUU
Alexander DJ,reggaeton,cancion,El Jueguito,2011,06yrqDlIiYK6kRw5jXNQDB
Andy Boy,reggaeton,cancion,La Disco Te Llama,2011,4cLjC6gbDQuyX18RMtZ2Bx
Jiggy Drama,reggaeton,cancion,Me Vale - Dancehall Remix,2011,2y2cTT9qUY45Uwtey2bJME
Andy Boy,reggaeton,cancion,Mami No Te Hagas,2011,27KUqRZciXEqvkTcvu2KTd
Wambo,reggaeton,cancion,Greenhouse Effect,2011,2TfjxaJbJm63wuvr9Nnxcs
Wambo,reggaeton,cancion,Wambitions,2011,7EU2zWqjuvjx4JPenJj3mP
Renny,reggaeton,cancion,QUIERO,2011,2PbNRquV9iam8Rh0vIsaG7
Wambo,reggaeton,cancion,Lets Do This,2011,10YSOM4q7HRzYnGFqYu92n
Jiggy Drama,reggaeton,cancion,Me Vale - Salsa Remix,2011,6t499KlZO5AhlEX7I20ytm
Jiggy Drama,reggaeton,cancion,The bomb,2011,7AijoWLHjyMhMd9zZYYxIn
Andy Boy,reggaeton,cancion,Motin,2011,5b1WH7TGufh6DcjjETncC5
Andy Boy,reggaeton,cancion,Sexo Sin Sentimientos,2011,3iwjw8n4v8peiVDK1Hox6F
Jay y el Punto,reggaeton,cancion,Give Me Your Love,2011,1aq0DLoQhc0Y07n0fvo8mV
Wambo,reggaeton,cancion,The Bridge,2011,1q8WdRFnVe1ZRwuktPk1ci
Doble D,reggaeton,cancion,Enamorate,2011,2QQL8bwfzxel31As9uZk1t
Doble D,reggaeton,cancion,Baila Mi Rumba,2011,2QIbTkW1UhCmMnguJFa8PE
Wambo,reggaeton,cancion,Man Down,2011,5Rs6uJCFsu1HyfjVz7UvTq
Renny,reggaeton,cancion,ELLA,2011,1irnbsNXwPpUM3uBKCazxG
Andy Boy,reggaeton,cancion,Estoy Pa' Ti,2011,7l0hyx1sxFOJKOQTHN3skm
Algenis,reggaeton,cancion,LA CALLE NO ESTA FACIL,2011,0Yxe1JwUFcL34f3ZLPNNPj
Doble D,reggaeton,cancion,Mi Escuela,2011,53krK8B7xOAXiV2FABk3iE
Renny,reggaeton,cancion,UNA VEZ MAS,2011,2XZEk0uwCVlVwxeKRW0eGj
Algenis,reggaeton,cancion,TE COGI MIRANDOME,2011,0XY1HAZ9ZNiks16j0dwmdo
Wambo,reggaeton,cancion,More,2011,51FlKIBea7VFqHCeRa84rr
Toby Love,reggaeton,cancion,Como Te Amo,2011,0oVRttNb8VPFZ76OxLYMDQ
Algenis,reggaeton,cancion,THE OTHER FACE,2011,333n2nnhejDIhhxuhqTcOv
Soly,reggaeton,cancion,Enthe Nee - Female Vocals,2011,47aYOSVqCV2eSoYCbdEPPi
Doble D,reggaeton,cancion,Baila Mi Rumba,2011,2QIbTkW1UhCmMnguJFa8PE
Wambo,reggaeton,cancion,Greenhouse Effect,2011,2TfjxaJbJm63wuvr9Nnxcs
Algenis,reggaeton,cancion,THE OTHER FACE,2011,333n2nnhejDIhhxuhqTcOv
Jiggy Drama,reggaeton,cancion,Me Vale - Downbeat Remix,2011,7I6WOyszYIynBusnBRq8P3
Jay y el Punto,reggaeton,cancion,Voltaje,2011,772Um3rxrGdakIOBtwKMwo
Doble D,reggaeton,cancion,Mi Sonido,2011,6gndB8huNJbHHRQPVQAVkQ
Alexander DJ,reggaeton,cancion,El Jueguito,2011,06yrqDlIiYK6kRw5jXNQDB
Andy Boy,reggaeton,cancion,Latigo - Cumbia Version,2011,3Yq0RUYXLgFHBXS18WwJv6
Soly,reggaeton,cancion,Enthe Nee - Female Vocals,2011,47aYOSVqCV2eSoYCbdEPPi
Jiggy Drama,reggaeton,cancion,Gang house,2011,2zjhGuqCZa8CHuqiSSE3BJ
Alexander DJ,reggaeton,cancion,Ninfómana,2011,7zrnhqsr8XHHDqnmfMJy8L
Wambo,reggaeton,cancion,Is You Down?,2011,4u8GvPlJLxoXz3C0w9mxd4
Andy Boy,reggaeton,cancion,Sexo Sin Sentimientos,2011,3iwjw8n4v8peiVDK1Hox6F
Croni-K,reggaeton,cancion,Se Que Tu Estas,2011,0wmtlibnZfOLhTRU73wsBa
Doble D,reggaeton,cancion,Mi Escuela,2011,53krK8B7xOAXiV2FABk3iE
L'Omy,reggaeton,cancion,A Mi Me Gustas Tu,2011,2jEcr0JKsqrkkjLjc4cpmL
Joey Montana,reggaeton,cancion,Si Yo Fuera El (feat. Joey Montana),2012,6o1UAX7B0JGXsamGbOAVtd
Carlitos Rossy,reggaeton,cancion,Victima del Sentimiento,2012,5a1eY2M4pE76SgGt9xQMR6
Andy Boy,reggaeton,cancion,CORAJE,2012,3RR7MlYZrqsPtnge7VW1JA
Naldo,reggaeton,cancion,Quer Mexer (Ela Quer Dançar),2012,69k7wQ3uEYVST20SSZDkcK
Don Chezina,reggaeton,cancion,Ataka (feat. Nano MC Omar Garcia Polaco Chyno Nyno Bae Jhon Eric Maicol & Manuel),2012,23jvOQhIaZuyH28q1F7jbx
Don Latino,reggaeton,cancion,Pa Ti Pa Mi,2012,4brqbCLC2ExsdHMuCCDcnf
Falo,reggaeton,cancion,Weiter Weg,2012,7wLOu7cMKIm3y0ADxcJioq
Don Latino,reggaeton,cancion,Mohada,2012,7lKF4kgETeKbw7sdIdH1PK
Falo,reggaeton,cancion,Frei Sein,2012,3KcB7TGGSuiI1l8hTNHnoA
Alexander DJ,reggaeton,cancion,Ahora Puedo Decir,2012,0ndcY2aWjSZ161PvsOAIsD
Don Chezina,reggaeton,cancion,Perreo Perreo,2012,7GsFMTfThG3YaCgWCqquum
Wibal Y Alex,reggaeton,cancion,Luz Prendia,2012,5ej2ucvkG2gZ0mfnAtD47O
Rony Bianco,reggaeton,cancion,Complemento,2012,1kRR0mlIYiW0WFgySzJRT0
Raykel,reggaeton,cancion,Respétalos,2012,5PYKPTttCajRJXwE2fT6GJ
Aran One,reggaeton,cancion,Calor,2012,2kywdJHLvMFGBxbIxoPQkD
Alberto Stylee,reggaeton,cancion,A Toa,2012,2GOlZdETJRXE5EEeeQduI6
Domy,reggaeton,cancion,Don't Even Know Me - Sello Remix,2012,7uxNGwrLiw56AY3NJudjS9
Rony Bianco,reggaeton,cancion,Quiero Party,2012,3vV9WWExKry83ZVjwAOLjY
Don Chezina,reggaeton,cancion,To Los Pirateros Demen Promo (feat. Maicol Super Star),2012,3Uqim9eTzdnGcC0SRkwgUN
Jiggy Drama,reggaeton,cancion,Home (feat. Obie-P),2012,6wPHNant00BbWMILvC11Uu
Enio La Formula,reggaeton,cancion,Con Mi Amor,2012,0hACNedOW1mQNb0xLNRQtE
Alexis y Fido,reggaeton,cancion,Gatúbela (DJ Chazal Tribal Mix),2012,2py9gqw5VqIr0TAvLkFmwA
Juan Miguel,reggaeton,cancion,Quien Te Acelera El Corazón,2012,6MH1FQpX1TD6xf540owNuR
Nova,reggaeton,cancion,Fever,2012,4sInhKI0HBTlmv5v1UBmJa
Don Chezina,reggaeton,cancion,Ya Se Acabo El Amor (feat. Daphne),2012,3urcSyKCW4WrNwqk9Kz9s2
Raykel,reggaeton,cancion,Libre,2012,6SQAGnBKB5nw9t3h0gVhv8
Nicky Jam,reggaeton,cancion,Tienen el Control,2012,5k2nyrkNJWHF6yDeMNFxEc
Wibal Y Alex,reggaeton,cancion,Pa Que Envolverme,2012,4WnhO3U7dkaXBNs7q06C7p
Rony Bianco,reggaeton,cancion,Quien Eres Tú,2012,7GTqVUzcz5AvmF4t32k3Fh
Wibal Y Alex,reggaeton,cancion,Bailando,2012,0W7rxLddDPNBOoMXthvLwc
Nova,reggaeton,cancion,Over This,2012,4x1KzjaISlmTC7VUgrOBFh
Don Latino,reggaeton,cancion,Tuku Taka,2012,6MalH1NOKSUUzp4A489VMF
Magic Juan,reggaeton,cancion,Quédate Aquí,2012,2kU19or8zomcjPfqXLwSoH
Wibal Y Alex,reggaeton,cancion,Nunca Dejes,2012,7E4YQzsf72TAaVkhLmKgnk
Alberto Stylee,reggaeton,cancion,Con Luz o Sin Luz,2012,1R8312WV7FWtdinUdQadMa
Wibal Y Alex,reggaeton,cancion,Sexo Na Mas,2012,2Jqf1o5pB5wkx9u06naPMS
Wibal Y Alex,reggaeton,cancion,Setiadora,2012,7JYhdctJql1dbNDDZwH40R
Rony Bianco,reggaeton,cancion,No Te Perdonaré (feat. Daniel Carpio),2012,0vK4d5NgQSbXzldVvETK1i
Wibal Y Alex,reggaeton,cancion,Chilleria,2012,0dlM4JvThQ0o0g47cpxsgB
Nova,reggaeton,cancion,Get It Wet,2012,1LnHdJHcW6wfgCaetyN8qf
Don Chezina,reggaeton,cancion,Bien Duro (feat. Jackie),2012,2Chng31cRGrJn8VUxHOVta
Aran One,reggaeton,cancion,Mia,2012,6uEXuC9dWyTmf60rDMy8th
Wibal Y Alex,reggaeton,cancion,Cantante Soy,2012,53bL8FfXDJLwweA6qtX8a3
Aran One,reggaeton,cancion,Ven Ven,2012,1g9hFo897vFQmxb1mPecGN
Wibal Y Alex,reggaeton,cancion,Perreo Clasico,2012,73RfgwThlArPDZjy1ct6YH
Wibal Y Alex,reggaeton,cancion,Si Supieras (Oe Oe),2012,4I6OgfGOWd8AliKpH5l6bm
Falo,reggaeton,cancion,Ich Bin Gegen Alles,2012,36ELlm3YUEv7QEUrWyYZkP
Wibal Y Alex,reggaeton,cancion,Ella Sabe,2012,10RogOUJj94e85I1bYvbtI
Don Chezina,reggaeton,cancion,Fuakity (feat. Maicol Super Star),2012,7meft3wF19XBPlnO3fMd2Q
Wibal Y Alex,reggaeton,cancion,Llego la Hora,2012,2hgGpFB3oXtJvhFgSVdSvL
Wibal Y Alex,reggaeton,cancion,Cantante Soy,2012,53bL8FfXDJLwweA6qtX8a3
Falo,reggaeton,cancion,Hoffnung,2012,6ZnY2U8Z1oedNPoZrmVuCO
Wibal Y Alex,reggaeton,cancion,Asi Es Ella,2012,5GPx50Q4zgkyfMhDXw6JSU
Don Chezina,reggaeton,cancion,Ven Aka Remix (feat. Alberto Stylee),2012,2vBICbxoqD6difsET9fq0X
Wibal Y Alex,reggaeton,cancion,Loco por Ti,2012,6eWv5ShofExrwg9Ir1BpRc
Raykel,reggaeton,cancion,Te Fuiste,2012,4tPratyMPE3ABdGqVOlDwb
Hector & Tito,reggaeton,cancion,Donde Estan,2012,3UNupnJOZypLSvcXbnmZir
Don Chezina,reggaeton,cancion,Las Tres P (feat. Jhon Jabon),2012,62oX6AvJuNCtGfxbB0pQVk
Wibal Y Alex,reggaeton,cancion,Pa Que Envolverme,2012,4WnhO3U7dkaXBNs7q06C7p
Don Chezina,reggaeton,cancion,Fuakity (feat. Maicol Super Star),2012,7meft3wF19XBPlnO3fMd2Q
Magic Juan,reggaeton,cancion,Smash Tonight - Radio Mix,2012,2CvLqCk6NRnmPFEn7KAqh8
Alexander DJ,reggaeton,cancion,No Voy A Volver,2012,07jHtN0vjH8a03ERGjtAPt
DJ Nelson,reggaeton,cancion,Brinca Mami (feat. JD),2012,1yFndkyk1S58oYajH8hozF
Rony Bianco,reggaeton,cancion,Yo Te Fallé,2012,6mWitCnR7bB7AYBcSlpkQj
Wibal Y Alex,reggaeton,cancion,Decidete Ya,2012,6JQmgbk5Xb4ew9wFXcrXyk
Wibal Y Alex,reggaeton,cancion,Sin Miedo a Morir (Remix),2012,23KQDkuNpZQIOJp3ckXVI2
Xavi The Destroyer,reggaeton,cancion,Ella Quiere Conmigo,2012,5ZxB66taucsAFC6vaT7DD5
Don Chezina,reggaeton,cancion,Punto & Aparte (feat. Mr Maniaks F2 La Liga Latina & da Play),2012,4I24Of5sCcYMQCeUzRi8qI
Aran One,reggaeton,cancion,Ven Ven,2012,1g9hFo897vFQmxb1mPecGN
Wibal Y Alex,reggaeton,cancion,Loba Lobita,2012,2JueVwhrHP00lDVEMMjmxA
Falo,reggaeton,cancion,Nochmal,2012,3lPwEqJz0RlNglOvxR5o1G
Wibal Y Alex,reggaeton,cancion,Luz Prendia,2012,5ej2ucvkG2gZ0mfnAtD47O
Don Latino,reggaeton,cancion,Pa Ti Pa Mi,2012,6qzJzHtbAIDl84A2KQoFrp
Don Chezina,reggaeton,cancion,Me Tienes Loco (feat. Los Elementales),2012,4NOfGOgTiYFLw5sJWZE5Ed
Wibal Y Alex,reggaeton,cancion,Si Supieras (Oe Oe),2012,4I6OgfGOWd8AliKpH5l6bm
Rony Bianco,reggaeton,cancion,Eres Mi Inspiración (Balada),2012,7HRBQDGtb3IfEtx3A3wodH
Andy Boy,reggaeton,cancion,La Distancia,2012,7cq80p6xmVK06w52CnxfHX
Raykel,reggaeton,cancion,Con la Mano Arriba,2012,6TCeXHctA7cXNA0GnsYVRN
Falo,reggaeton,cancion,Ich Bin Gegen Alles,2012,36ELlm3YUEv7QEUrWyYZkP
Falo,reggaeton,cancion,Frei Sein,2012,3KcB7TGGSuiI1l8hTNHnoA
Falo,reggaeton,cancion,Macho,2012,24b10tL107Qn9j8jxcnvZp
Corina Smith,reggaeton,cancion,I Love To Love - Cover,2012,3NQRyxKohF7bdSKj7jioHE
Enghel,reggaeton,cancion,Se Busca Novia (Pop Version),2013,5GMXFqWyDhtvYKctkoJSxh
Anonimus,reggaeton,cancion,Cuando Te Llamo,2013,5FAikg57Q9cIVgNLIZQpt5
Don Chezina,reggaeton,cancion,Si Supieras,2013,0lX1AKEi6SNpLRb8S3xecr
Elias Diaz,reggaeton,cancion,La Noche Esta Perfecta - Original Mix,2013,23J4fGLwdrnODq75EP4BRU
Guelo Star,reggaeton,cancion,A Ella No Le Gusta,2013,0zRtNvCNKSHlwsMspNUNXz
Enghel,reggaeton,cancion,Tartamudeo,2013,3Ovi7tdi5B9kFNg5KkCc64
Enghel,reggaeton,cancion,Tartamudeo (Pop Version),2013,4axuAf5vKmflcG7OdNi3bW
Anonimus,reggaeton,cancion,Me Pongo Pa Ella,2013,0UpQjWRRZid9xkuE86b7IN
Jutha & Small,reggaeton,cancion,Con P Mayuscula,2013,5XiHJ6oiGgCnzuloJJC5i1
Don Chezina,reggaeton,cancion,Download,2013,3drXJFkp35xns5Lke8QbPr
Jutha & Small,reggaeton,cancion,Agua la Boca,2013,7l7aLEJu6cPKFFSlxHcbP0
Enghel,reggaeton,cancion,Se Busca Novia (Merengue Urbano Version),2013,1mlDWIU8yN7CVfw1Dzo1F0
Enghel,reggaeton,cancion,Tiempo sin saber de ti,2013,02xgwLzzL50yn6xxBOmltW
Elias Diaz,reggaeton,cancion,Tengo Amor Para Dar,2013,37LOQKrEK5IbLjrIZPOmiD
Anonimus,reggaeton,cancion,Enfermo - Remix,2013,7MAB04yx56rW405ZtD6Hb9
Don Chezina,reggaeton,cancion,Loba Feat Sheeno el Sensei (feat. Sheeno el Sensei),2013,2bist7jg3HMrZhVYz8JcNQ
Klasico,reggaeton,cancion,El Juego,2013,3X7zahDtgtHctxz1HZQRhJ
Enghel,reggaeton,cancion,Tiempo Sin Saber De Ti,2013,7gh9qBvKWXS5KlPYTq2XV4
Domy,reggaeton,cancion,Don't Even Know Me - Sello Remix,2013,7Lk7e4yQ8PWFiWFgzAVb74
Andy Boy,reggaeton,cancion,Inbox,2013,530OuDoM4tryYyVpaGIOCe
Elias Diaz,reggaeton,cancion,La Noche Esta Perfecta,2013,7dKiQcLx0KjA6p7BzGdXjF
Amaro,reggaeton,cancion,Regálame,2013,1izV8cWLqqKXvKun26YUzA
Klasico,reggaeton,cancion,Se Va,2013,3KmWkvYJnW4QbXQKGgjqKe
Anonimus,reggaeton,cancion,La Disco Esta Encendia,2013,32KL0KAsjP09e9XBFnZzdi
Marielle,reggaeton,cancion,Make It Burn - Radio Edit,2013,09mXJY1c2tDMWs6OhsGLoi
Alberto Stylee,reggaeton,cancion,No Voy A Beber Mas,2013,5UE82uMGhEOJqHRYEUEpS0
Anonimus,reggaeton,cancion,Matame,2013,0zGXDYCwVwGJ4GGSqLw7JP
Doble D,reggaeton,cancion,Hasta Que Salga El Sol,2013,58CRXS9QHrXNwqmlY5rY8Z
Guelo Star,reggaeton,cancion,Me Dices,2013,3dF0gBsHqX29qY3eMpzV1T
Enghel,reggaeton,cancion,Te Recordaré,2013,5wrUgpl1CVPQTDwxaWNyei
DJ Nelson,reggaeton,cancion,Wheres That Pussy Cat,2013,6MEFH7iMhFsc0ikfjeBzgU
Allen Spyda,reggaeton,cancion,We The Real,2013,1HtifV6hyd8O21x1eHDVh0
Don Chezina,reggaeton,cancion,Fuera De Control,2013,3nBbHutBHPuqskAa9kihpU
Joey Montana,reggaeton,cancion,Solo En Navidad,2013,3f9RcZzBgZI7pMKOaaxV8E
Yelsid,reggaeton,cancion,Sabroso,2013,2MgI1m5aDrw2QyLzMtkf1Y
Klasico,reggaeton,cancion,"Mucho Flow (feat. Persa La Voz, Yoseph, Paul Diaz, Anonimus, Jhonny Ou & Che)",2013,6IxbCH3QKcVQ4oq7Weicc6
Amaro,reggaeton,cancion,Regálame,2013,27ODhgoacbkUUcjcELvaZJ
Marielle,reggaeton,cancion,Make It Burn - Club Edit,2013,47Td5CWOlbtWp0xtXfbPs6
Andy Boy,reggaeton,cancion,Quedate - Original Mix,2013,3WxJV291klSIotY5F8huAU
Jeiby,reggaeton,cancion,Mil Preguntas,2013,465tAQwiLr0d7LCwuqWQw2
Trez3,reggaeton,cancion,Amigos con cover,2013,0Fzd3eIyC74pxqVwf8PLWK
Don Chezina,reggaeton,cancion,Boombastik,2013,34eE6pTafxXzwufCrftpO7
Don Chezina,reggaeton,cancion,Spiritus,2013,27J3hjEqsfDlzOnCxdHQ64
Anonimus,reggaeton,cancion,Calentura,2013,2w3uATLlRutA5Zqt3ZqcKv
Amaro,reggaeton,cancion,Regalame,2013,0mJpZaK7kXZ65ZZ1DGAvmP
Anonimus,reggaeton,cancion,Deja el Miedo Correr,2013,6KgdftFhJ4FwDKjhmOd30k
K&D,reggaeton,cancion,Que Se Encienda,2013,4eESkKpoPl14Dtm8HuL0pn
Eyci and Cody,reggaeton,cancion,Amor en Silencio,2013,2ekMYQmF8Q3uAahQyiQVZe
The Noise,reggaeton,cancion,Inconscio,2013,3GXjIGYGzhiu2Nqb6RSzod
Klasico,reggaeton,cancion,Lo Que La Exita,2013,6R4TMdrUZ3PkXRUUxQ6YPG
K&D,reggaeton,cancion,En Lo Profundo,2013,1R96BL87jawQgzpEIdZf58
Doble D,reggaeton,cancion,Hasta Que Salga El Sol,2013,58CRXS9QHrXNwqmlY5rY8Z
Klasico,reggaeton,cancion,Se Va,2013,3KmWkvYJnW4QbXQKGgjqKe
Anonimus,reggaeton,cancion,Matame - Remix,2013,7fKRtB5Mqj8oaDXTbFAI4h
Elias Diaz,reggaeton,cancion,La Noche Esta Perfecta - Original Mix,2013,2mAgVwqahJ2GfQ4bS5icrF
Anonimus,reggaeton,cancion,Idea Macabra,2013,579V31nwUQJF2Tpj0te4v8
Klasico,reggaeton,cancion,Lo Que La Exita,2013,6R4TMdrUZ3PkXRUUxQ6YPG
Don Chezina,reggaeton,cancion,Chupa Muerdes O Masticas,2013,0KQPxSab0cC81OU2sTEtGy
Naldo,reggaeton,cancion,Quer Mexer (Ela Quer Dançar),2013,3aD7vIH6AjqQzAKIV2HIVa
Don Chezina,reggaeton,cancion,Quien Te Reta,2013,1MTAqeUiCmEqsWPIVnwmV2
Don Chezina,reggaeton,cancion,Si Supieras,2013,0lX1AKEi6SNpLRb8S3xecr
Elias Diaz,reggaeton,cancion,La Noche Esta Perfecta,2013,7dKiQcLx0KjA6p7BzGdXjF
Amaro,reggaeton,cancion,Regalame,2013,0mJpZaK7kXZ65ZZ1DGAvmP
Anonimus,reggaeton,cancion,Deja el Miedo Correr,2013,6KgdftFhJ4FwDKjhmOd30k
Don Chezina,reggaeton,cancion,Fuera De Control,2013,3nBbHutBHPuqskAa9kihpU
Don Chezina,reggaeton,cancion,Spiritus,2013,27J3hjEqsfDlzOnCxdHQ64
Don Chezina,reggaeton,cancion,Sueno Electronico,2013,17lqCbUUI90Q5NAt5vB9Ry
Marielle,reggaeton,cancion,Make It Burn - Radio Edit,2013,09mXJY1c2tDMWs6OhsGLoi
Anonimus,reggaeton,cancion,Me Pongo Pa Ella,2013,0UpQjWRRZid9xkuE86b7IN
Anonimus,reggaeton,cancion,Calentura,2013,2w3uATLlRutA5Zqt3ZqcKv
Elias Diaz,reggaeton,cancion,La Noche Esta Perfecta - Original Mix,2013,388tRHHnHXD3tsVOnBgYEE
Allen Spyda,reggaeton,cancion,We The Real,2013,1HtifV6hyd8O21x1eHDVh0
Anonimus,reggaeton,cancion,La Disco Esta Encendia,2013,32KL0KAsjP09e9XBFnZzdi
Don Chezina,reggaeton,cancion,Boombastik,2013,34eE6pTafxXzwufCrftpO7
Trez3,reggaeton,cancion,Dinamita,2013,6TlYcOHa33YVvQK6zX12hQ
Anonimus,reggaeton,cancion,Lara Mercy,2013,14FWFSJbM9espcEJU8tjSw
Jutha & Small,reggaeton,cancion,Agua la Boca,2013,7l7aLEJu6cPKFFSlxHcbP0
Don Chezina,reggaeton,cancion,Loba (feat. Sheeno El Sensei),2013,7H3xO5z51QCkItpUnLIt34
Eyci and Cody,reggaeton,cancion,Amor en Silencio,2013,2ekMYQmF8Q3uAahQyiQVZe
Guelo Star,reggaeton,cancion,Home Alone,2013,5NT1CsMWA7OVAcAfcctcYZ
Anonimus,reggaeton,cancion,Matando el Deseo,2013,2pirPERbem6HrjfgbHxKvG
Magic Juan,reggaeton,cancion,Nadie Como Tú - EDM Club Edit,2013,4izepcrbmFUhvgJLkixX3Q
Don Chezina,reggaeton,cancion,Pa Tras Boom Boom,2013,2hTcHrIji8rB2rImzMdrLn
David Versailles,reggaeton,cancion,Ya No Lloro - Zakary Remix,2013,6R5zespnZpwFFxgoInhRsp
Don Chezina,reggaeton,cancion,Patabajo,2013,28CbkOTsZHnkxgPwHLOT2A
Wiso G,reggaeton,cancion,Histerica,2013,5ycAiCwtSHUmVxjccjYuza
Yelsid,reggaeton,cancion,Sabroso,2013,2MgI1m5aDrw2QyLzMtkf1Y
Enghel,reggaeton,cancion,Creo Que Me Enamoré,2013,5NF9fexPeFE2jv9VQik4KH
Klasico,reggaeton,cancion,"Mucho Flow (feat. Persa La Voz, Yoseph, Paul Diaz, Anonimus, Jhonny Ou & Che)",2013,6IxbCH3QKcVQ4oq7Weicc6
K&D,reggaeton,cancion,Fuego,2013,3nAfjDqcVvEwXfJ404oSXD
DJ Nelson,reggaeton,cancion,Pa Las Mujeres Latinas,2013,73cJGJOeaVoo9jfszsHTB4
Magnate,reggaeton,cancion,Con los 2 a la Vez (Censured),2013,6af0eb8Nw88uFxwFlIkeab
DJ Nelson,reggaeton,cancion,Lissete (Remix),2013,4lE436tV6rk1Yg4wxyqev4
Magic Juan,reggaeton,cancion,Nadie Como Tú - EDM Radio Version,2013,6eTwz1dzP0m2p9BT2NOTSc
Don Chezina,reggaeton,cancion,Que Tienes,2013,2PHh3MBSWZFtRPVFypJUgu
Enghel,reggaeton,cancion,Se Busca Novia (Merengue Urbano Version),2013,1mlDWIU8yN7CVfw1Dzo1F0
Anonimus,reggaeton,cancion,Que Nos Paso,2013,75myDfJrz2RbbImfytR9L2
Jutha & Small,reggaeton,cancion,Agua la Boca,2013,1ktjTcgcaZHbyVa1EEAuLb
Magic Juan,reggaeton,cancion,Nadie Como Tú - Mambo Version,2013,1upmuPjxyEUHzITlwH83TA
The Noise,reggaeton,cancion,Inconscio,2013,3GXjIGYGzhiu2Nqb6RSzod
Andino,reggaeton,cancion,Bailemos (Re Mix) [feat. Franco El Gorilla],2014,4prit8QjbYSkVcdXvxLA4W
Oma 206,reggaeton,cancion,Amor del Bueno,2014,3SBB1hw6ESHHijrUwteJL8
Habacuc Threeseven,reggaeton,cancion,Interludio,2014,29RlkyRTGOl2xaoZwiPANW
Habacuc Threeseven,reggaeton,cancion,Vuelve a Empezar,2014,4KvgGwZpn7TePGO09a1OgI
Yandel,reggaeton,cancion,Fallaron - Commentary,2014,2IVX8iJLjv3OAMNWi6QYpF
Xavi The Destroyer,reggaeton,cancion,Parranda de Navidad,2014,3mD4TbHlILsqhLlCKUqC2u
Jonathan Moly,reggaeton,cancion,Piensa En Mi,2014,7MKqNlTfH0aTlmEK6iPPzx
Chriss Romel,reggaeton,cancion,Tu Estas Aqui,2014,5zsp2Ay065n3syPT6Vdl6x
Doble D,reggaeton,cancion,Besos Chiquitos,2014,4usGqdgvKSXIw05uwX3pz9
Perreke,reggaeton,cancion,Ella No Se Quita,2014,2HzTSlFzjV84xNay1WUQoh
Andino,reggaeton,cancion,Bailemos,2014,0eh4VM6axyesDzFCMhjPY0
Randy Glock,reggaeton,cancion,Lady Glock,2014,1kajUHECNhsxhXKH7ueHoF
Fran C,reggaeton,cancion,Ella Sola Se Entrega,2014,0shDskeYMSZ5624ijCJjrR
Habacuc Threeseven,reggaeton,cancion,Outro,2014,0N4YAVyFGgHfFK6x53fgf9
Marielle,reggaeton,cancion,Controvento,2014,6ntE5U2ZKibcofF7iQIYwg
Tempo,reggaeton,cancion,Brindemos por las Locas,2014,1OGYFuLMVo711sFcQzt34n
Jay y el Punto,reggaeton,cancion,Mas Que a Mi,2014,1dD4Nw4qbOPMxJyt7CTmUF
Guelo Star,reggaeton,cancion,Todas Fuman,2014,2wr4Hi6WImDyFCVAJZLjad
Habacuc Threeseven,reggaeton,cancion,Interludio,2014,34Oq0hL9p7nGHdnpxTGzCU
Chriss Romel,reggaeton,cancion,Fiesta Espiritual,2014,37QVvKtA1P6LVK6ZxYEm08
Gigolo,reggaeton,cancion,"Mama, I'm Sorry (feat. Gangsta Loc, Postman, Lady Felony)",2014,4juorzV48p2ZU52LSarp5j
Doble D,reggaeton,cancion,Dinamita,2014,2NV1ucYl8H6WNi4YtBTKy3
David L,reggaeton,cancion,Where Are U Now,2014,4OKirsMCCuCwBnanQfYRCh
Chriss Romel,reggaeton,cancion,Maniatico 2,2014,4IjKrdRvjqkXgEBPPEpMlH
Fran C,reggaeton,cancion,Yo Te Quiero Ver,2014,0ZNxCgHZaq6qupYRxwZVYU
Corban Urban,reggaeton,cancion,Tiburón,2014,0dOxQAIJAPjj4wSkWtCJ2W
Perreke,reggaeton,cancion,Sin Ropa,2014,07MKblVrinTgTBE9pnoEFa
Fran C,reggaeton,cancion,Privado Me Llama,2014,0SJqZGgIKs1qABboLdq88s
Doble D,reggaeton,cancion,Imposible,2014,2btnDRfmFVQm78O6Q0gAaK
Don Latino,reggaeton,cancion,Tuku Taka - Remix,2014,5xiHRwTo3PiPjMg62oaJjL
Migue Flow,reggaeton,cancion,Entre Tu Y Yo (feat. Paola),2014,22mLIitxn6FuRuHoandjbz
Guelo Star,reggaeton,cancion,Maldita Suerte (feat. El Viejo Guelo),2014,184B46aEaMtIy029RqKEGw
Perreke,reggaeton,cancion,Pensando,2014,6ARxKGi7ImTnuRGyunWPI9
Fran C,reggaeton,cancion,Y Yo y Tu Amiga,2014,3MzxMGhbQwDaU9DgDiarMf
Big Boy,reggaeton,cancion,Mama Don't Cry - Original Mix,2014,2y1fK2ouxzuJpNeDzU2KGm
Doble D,reggaeton,cancion,Sin Perder la Fe,2014,490VmZrVBypTLE6QWDuWcp
Jiggy Drama,reggaeton,cancion,La Kalle - Soundtrack Petecuy,2014,3QrK4dTRDfFRYJENU0Ze19
Habacuc Threeseven,reggaeton,cancion,Sin Ti,2014,0qMlbXUfLmHBVGRh1CWffk
Sniper SP,reggaeton,cancion,Rompan el Piso - (Bonus Track),2014,6q5ijvS0wgnpBdP9YMQhDO
Doble D,reggaeton,cancion,Yo y Mi Flow,2014,5aQWU4wA3cNEaXIFQCCrls
Habacuc Threeseven,reggaeton,cancion,Búscalo,2014,70j52zPFk6CxjM6riG4ZqA
Maicol y Manuel,reggaeton,cancion,Le Hago un Bebe,2014,6IRV96HVitDSnAOv8FysFL
Nova,reggaeton,cancion,Secret Santa,2014,1RzcA268iDKjSS2xP7BaWE
Vico C,reggaeton,cancion,Que Cante la Esperanza,2014,2FrzBQ5b5oW6aQsLQu5Abp
Chriss Romel,reggaeton,cancion,Fama Lana y Dama,2014,7fj03IUC9W7TpCqccNZ1Dy
Prynce el Armamento,reggaeton,cancion,Come Callao,2014,35xKRvD8ayksRUh09G4veu
Elias Diaz,reggaeton,cancion,Tengo Amor Que Dar - Sergio Deejay Remix,2014,33BVJMtmzRrbs0l1RMDw8h
Artista Rosario,reggaeton,cancion,Si No Es Conmigo (feat. Abigail)(Dance latin Mix),2014,3ZvGsj105QqTbLaLKlCBGc
Baby Rasta,reggaeton,cancion,Capturo,2014,3EJKjQyYFy6EGOTfzqJSLG
Gigolo,reggaeton,cancion,Gangsta (feat. Cino),2014,6isS1bL8SyTa5kGvSG6Jmc
Jiggy Drama,reggaeton,cancion,La Kalle - Soundtrack Petecuy,2014,3QrK4dTRDfFRYJENU0Ze19
Habacuc Threeseven,reggaeton,cancion,Va a Pasar 2.0,2014,2N0X3Azf2oDJFOh1bxh42i
Perreke,reggaeton,cancion,Bailando Solita,2014,7zEjkeu4Kd6jubif8AsT0N
Habacuc Threeseven,reggaeton,cancion,Búscalo,2014,6h1GeOrzi0RBnelpoiZ3FY
Baby Rasta,reggaeton,cancion,Toma Nena,2014,2zYch5PZ8FOo8nIzj6uL6l
Banda Punto de Encuentro,reggaeton,cancion,Aquí Está Mi Vida (Remix) [feat. DJ James],2014,3XZi77y85OQa5lHtxydpb6
Corban Urban,reggaeton,cancion,Intro,2014,50DuxQiTvpvZgIRk3v1esn
Fran C,reggaeton,cancion,Ella Fuma Conmigo,2014,7rUdUlbzhSiC6u2tLSqbnv
Andino,reggaeton,cancion,Bailemos,2014,0eh4VM6axyesDzFCMhjPY0
Prynce el Armamento,reggaeton,cancion,Come Callao,2014,35xKRvD8ayksRUh09G4veu
Habacuc Threeseven,reggaeton,cancion,Vive Contento,2014,18wA0Wvi3sspl77VNc8Hmw
Fran C,reggaeton,cancion,Doble Personalidad,2014,105T1XbQ9d6acziVlaxvAP
David L,reggaeton,cancion,Where Are U Now,2014,4OKirsMCCuCwBnanQfYRCh
Chriss Romel,reggaeton,cancion,Fama Lana y Dama,2014,7fj03IUC9W7TpCqccNZ1Dy
Yan El Diverso,reggaeton,cancion,Clasico,2014,5mzQfR2VwRH98KWwFhWCdj
Jay y el Punto,reggaeton,cancion,Bye Bye - Remix,2014,6WmHp94BusObrgzVT93rQK
Habacuc Threeseven,reggaeton,cancion,Outro,2014,240pflZB84BYEeD9pq2i2Z
Golpe a Golpe,reggaeton,cancion,Hagamos el Amor Bailando,2014,7sPPk75BOGcTVaXtZOGlKP
Chriss Romel,reggaeton,cancion,Ella Quiere Rumba,2014,5ZsyNj1Fcu9yqFJTVbPVCE
Habacuc Threeseven,reggaeton,cancion,Vencedores,2014,6zakFxmh3lNGMrzebAO7mZ
Chriss Romel,reggaeton,cancion,Una Oportunidad,2014,0TvP0KQsOW12uvfxK9uLuL
Andy Boy,reggaeton,cancion,Incorregible,2014,6N4vXso4y1siI5oOg65enU
Fran C,reggaeton,cancion,Y Yo y Tu Amiga,2014,3MzxMGhbQwDaU9DgDiarMf
Habacuc Threeseven,reggaeton,cancion,Vuelve a Empezar,2014,0OrhUQZgz7HbROEou7f5UW
Magic Juan,reggaeton,cancion,La Inocente,2014,7FOUAMryllLhkRrPJhbOUJ
Fran C,reggaeton,cancion,Lento,2014,0xkJtRZheRdqoe3B5TjeZs
Perreke,reggaeton,cancion,Ay Amor,2014,4CRDhEBinrEbEtHytY5pBV
Joey Montana,reggaeton,cancion,Latino Stand Up,2014,3sGjhZclYE1ghMl9qdqdQE
Elias Diaz,reggaeton,cancion,Tengo Amor Para Dar - Radio Edit,2014,2vFZKbpApr5GFZlPWsN78H
Corban Urban,reggaeton,cancion,En Su Presencia,2014,3MnCi38SQKsWkf4zynavuF
Habacuc Threeseven,reggaeton,cancion,Síguelo,2014,6D2mPEeGgwpszd0eGzBudx
Habacuc Threeseven,reggaeton,cancion,Vencedores,2014,7ABUzcl2yb0LtcNeW4bNLM
Jay y el Punto,reggaeton,cancion,Aventura,2014,7qK9TzO35OK1kM6hpmHcVF
Perreke,reggaeton,cancion,La Makinaria,2014,6Kp6K2qfBS67VRJA43DKEo
Doble D,reggaeton,cancion,Manos Arriba,2014,0e0EWoer4rjIQW75oGJf0d
Habacuc Threeseven,reggaeton,cancion,[Cristo Vive] (Bonus Track),2014,3yS8BlmLMTLqbpFmPExGIr
Habacuc Threeseven,reggaeton,cancion,Levántate,2014,3CbFHc1MEymeN0VyWAyZGj
Migue Flow,reggaeton,cancion,Entre Tu Y Yo (feat. Paola),2014,22mLIitxn6FuRuHoandjbz
Fran C,reggaeton,cancion,Perreo Fresh,2014,4twgrmcV7LHHo5AdsPRzT4
Doble D,reggaeton,cancion,Loca,2014,6mMwagRGDGqkqwr8ATRdal
Fran C,reggaeton,cancion,Y No Lo Puedo Creer,2014,3LAhXkasGlc7zFWFxcBkOy
Chriss Romel,reggaeton,cancion,Desde el Amanecer,2014,1UTvrwWcABcy0NlIIv5Ijk
Jay y el Punto,reggaeton,cancion,Amor de Verano,2014,4avPAiQIaE3gzzBIROqybh
Yandel,reggaeton,cancion,La Cama - Commentary,2014,22kBuvmKoosp0RAdSV6kMJ
Corban Urban,reggaeton,cancion,Alabarte,2014,7vHIaYACvYiyzSvP55QqU5
Vico C,reggaeton,cancion,Que Cante la Esperanza,2014,2FrzBQ5b5oW6aQsLQu5Abp
Doble D,reggaeton,cancion,Nadie Te Ama Como Yo,2014,7zWKR1U8dMjFG0KHqdvx1S
Fran C,reggaeton,cancion,Ando en la Calle,2014,07zgtW1axqDrq9pCwajJN8
Amaro,reggaeton,cancion,Spot,2014,6w9HjKJteAsqtJl9gridZp
Corban Urban,reggaeton,cancion,Te Fallé,2014,5ymwF3YGVB8CvNP9F0my0O
Oscarcito,reggaeton,cancion,Tumbayé,2015,6EzM2ty7JWQDlU8Pfffpmh
"Galante ""El Emperador""",reggaeton,cancion,El Papel,2015,1ovnzc3poUwaNHwXGPBI86
Farruko,reggaeton,cancion,La Caza Bichotes (feat. Benny Benni),2015,0VsHFZ4KmKCsqBgKaGdQ40
Guelo Star,reggaeton,cancion,Quitate la Ropa,2015,0A8fy46PEOxwbGiuZAFu1S
Benny Benni,reggaeton,cancion,Bellaco Vs. Maliante,2015,1GJiLKcoHFX1zsTFhLjtoC
"Galante ""El Emperador""",reggaeton,cancion,No Me Deja,2015,11ngVIsZSfvYyosA1n2STu
"Galante ""El Emperador""",reggaeton,cancion,Gata Pistola,2015,1E9AjPtlusUAyKkmRsDqUc
Gustavo Elis,reggaeton,cancion,Un Recuerdo,2015,31PkyrfjVoo8aywqCgF7pk
Gustavo Elis,reggaeton,cancion,Solo Eres Tú,2015,5uvaTeXRvsJg1LGS8pVgDW
Ugo Angelito,reggaeton,cancion,Perreo del Puro (feat. JQ & Michael),2015,1z6BE1YlZhWUz2v87cFBdH
Ivy Queen,reggaeton,cancion,Más Feliz Así - Bachata,2015,5cdkceyMreiPtTSsZc2UnS
Gustavo Elis,reggaeton,cancion,Yo Te Gusto,2015,7iEXe54w0OdmPoAM7gjFD7
"Galante ""El Emperador""",reggaeton,cancion,En el Silencio,2015,1WSxOu1EwJXqoPnKrBiczs
Jiggy Drama,reggaeton,cancion,Spanglish,2015,1YlgPMIW68on67b4fdgSLf
Tempo,reggaeton,cancion,Respeto,2015,1ZKeoaayZ72hz5dJwJiUd6
Gigolo,reggaeton,cancion,Derroche,2015,4L0jAtBzbhXNWRVXcC0btA
Oma 206,reggaeton,cancion,Dale,2015,3HyVzlEtbLnn2Kte1F9zl8
Ivy Queen,reggaeton,cancion,Dónde,2015,01EPYtFLFp9uL3XGKN5b2G
Daddy Yankee,reggaeton,cancion,Que Se Mueran De Envidia - Remix - with Daddy Yankee,2015,0P4WpdkZrV4rlYy9Sler1y
J Balvin,reggaeton,cancion,Busca Otras,2015,3OHzv0AbbEIKZnMo9kfMKN
Artista Rosario,reggaeton,cancion,Aunque Tu,2015,4xWWJReqF300GRtR6P7mNi
Andy Boy,reggaeton,cancion,Mala Maña,2015,7jvilVQxohyauA7LdZDGHP
Jiggy Drama,reggaeton,cancion,Preguntan X Mi,2015,571OKeyS1mGBaERZfCcHEi
Artista Rosario,reggaeton,cancion,Será,2015,2BUxH8e8lcES8UOKyxU8xb
Artista Rosario,reggaeton,cancion,Tu Cuerpo Me Llama,2015,4pLfBuVs1zwoHBj9Y9jWIr
Big Boy,reggaeton,cancion,Dope Boy Money,2015,5xKsjFeGmzTruiGqEiEr68
Henry Mendez,reggaeton,cancion,No Regresa Más,2015,4wCdDNLahhf06Oph32lYHV
Nova,reggaeton,cancion,This Is It - Original Mix,2015,0w2Nfj9zDxFqkYZhwXHlyA
Ivy Queen,reggaeton,cancion,Dime si Valió La Pena - Salsa,2015,5a8nQKT4kGFd3DxzxG3Ewv
Aran One,reggaeton,cancion,Tus Besos,2015,5vh4Ca5bK1UqBWVd5RbG4W
Elio Mafiaboy,reggaeton,cancion,Sintiendo temor,2015,4pXt6rUT0Artyt7RdrEOuG
Elio Mafiaboy,reggaeton,cancion,Saco la corta,2015,46LUj1SjyVwAuWWdaKTb8Y
Ivy Queen,reggaeton,cancion,Un Hombre Bueno - Salsa,2015,2mMyZdlPLAjimJG40GQgcz
Henry Mendez,reggaeton,cancion,Enterprise,2015,01CSNaRRPqU62eIbXSBfFu
Defra,reggaeton,cancion,Sueño Sudamericano,2015,6yg4YSeZWVrWC0S7DzG1n5
"Galante ""El Emperador""",reggaeton,cancion,Desde Antes,2015,4qyBP1QZi35OzwUKXoRK7P
Artista Rosario,reggaeton,cancion,Noche De Caseria,2015,3O1r3WZluarRkjR8l8vboZ
Watussi,reggaeton,cancion,Malunga,2015,12jXwrBIMVYiSKCorJLS7y
Artista Rosario,reggaeton,cancion,International,2015,0edDDJHV0iK15oX2nAnVhW
Elio Mafiaboy,reggaeton,cancion,Te vamos a pillar,2015,71SU3OYgZ8Qn5hHIYJQk6f
Elio Mafiaboy,reggaeton,cancion,Querida vieja,2015,0OjKQ3K85aMIh9Lv0zjNjy
Gustavo Elis,reggaeton,cancion,Recuérdame,2015,49TiuCvufQSFKPcku2YMWR
Gustavo Elis,reggaeton,cancion,Báilame,2015,2OuCdI7H45Y5n3g4lut8xg
Farruko,reggaeton,cancion,Chapa De Callejón - with El Mayor Clasico,2015,6RPswZzgMaAub6Lp41DCoH
"Galante ""El Emperador""",reggaeton,cancion,Algo de Ti,2015,4bsHEY12xwBKb7SRckz9uQ
Jay y el Punto,reggaeton,cancion,Sin Luz,2015,0l1PomwOoW3ufhNrZD7rQ6
Guelo Star,reggaeton,cancion,Todas Fuman,2015,3MMiqsuiz9SuEqxMsmhHdl
Oma 206,reggaeton,cancion,Se la Soba,2015,6jClPm7Gz5KAAHTvmLC6IO
Benny Benni,reggaeton,cancion,Desahogo 2,2015,0fW6ezm70xBJ7gaNKoeSel
"Galante ""El Emperador""",reggaeton,cancion,Te Merezco,2015,2LvIUcQY3g9jXdKQdU9zoF
J Balvin,reggaeton,cancion,Busca Otras,2015,3OHzv0AbbEIKZnMo9kfMKN
Jay y el Punto,reggaeton,cancion,Sin Luz,2015,0l1PomwOoW3ufhNrZD7rQ6
Tempo,reggaeton,cancion,Respeto,2015,1ZKeoaayZ72hz5dJwJiUd6
Jiggy Drama,reggaeton,cancion,Preguntan X Mi,2015,571OKeyS1mGBaERZfCcHEi
Nova,reggaeton,cancion,10 August - Original Mix,2015,5yycmemrlZCL5RnvrPeYgt
Elio Mafiaboy,reggaeton,cancion,Sintiendo temor,2015,4pXt6rUT0Artyt7RdrEOuG
Jiggy Drama,reggaeton,cancion,WTF,2015,3fgZqJkol4QKzx9xipQfpj
"Galante ""El Emperador""",reggaeton,cancion,Party de Solteras,2015,7GPDazZrXnY55Bs2B0WK8H
Sixto Rein,reggaeton,cancion,Le Queda Bien - Extended Version,2015,7dXt44qfMchpetgjvWelYD
Jay y el Punto,reggaeton,cancion,Más Que a Mí - Pop,2015,40yxGuFRKqd4vChzyXwKCL
Artista Rosario,reggaeton,cancion,Será,2015,2BUxH8e8lcES8UOKyxU8xb
Jaydan,reggaeton,cancion,Nada Me Separa,2015,5jghJBKIQoRHEGjIXdNVFm
Oma 206,reggaeton,cancion,Se la Soba,2015,6jClPm7Gz5KAAHTvmLC6IO
Elio Mafiaboy,reggaeton,cancion,Tengo la plastic,2015,2aF9lzw8iB0PyEPIQiSSWM
Jay y el Punto,reggaeton,cancion,La Soledad,2015,6TljHas7OBbfXsmZHs8san
Elio Mafiaboy,reggaeton,cancion,Querida vieja,2015,0OjKQ3K85aMIh9Lv0zjNjy
Jay y el Punto,reggaeton,cancion,Bye Bye - Merengue,2015,73i9jKSohSG2oE4LvTYjxf
Big Metra,reggaeton,cancion,Los Autenti-K.O.s,2015,155Rbs4jc97pV0MgaHY0km
Gigolo,reggaeton,cancion,Se Siente Sola Hoy,2015,2NfAGoEM9PgNzAyh27z53W
Trez3,reggaeton,cancion,Búmeran - Mambo Remix,2015,39XFM63b9CX4HME0307Lwt
Aran One,reggaeton,cancion,Tus Besos,2015,5vh4Ca5bK1UqBWVd5RbG4W
Kavelo Y No Drama,reggaeton,cancion,Wild - Remix,2015,1cORkPbkIPS6ljBwZndh62
Gustavo Elis,reggaeton,cancion,Yo Te Gusto,2015,7iEXe54w0OdmPoAM7gjFD7
Artista Rosario,reggaeton,cancion,La Vida Es Una Sola,2015,69kB1clBCo5MtoxagKOvJM
"Galante ""El Emperador""",reggaeton,cancion,Infieles,2015,2z9ABMnnlPzpGicU0Wknnx
Gigolo,reggaeton,cancion,Tu Me Lastimas,2015,1IWT179krZnZazVUym6zhk
Ivy Queen,reggaeton,cancion,Se me Vuelve a Olvidar - Salsa,2015,6tpOTIQPAVOeWImEgAeLrw
Ivy Queen,reggaeton,cancion,Ver Tu Fin - Hip Hop,2015,65xMdiEDqISOUJQeZLhH08
Jay y el Punto,reggaeton,cancion,Te Amo,2015,5l1M5NxYg3ojKMikwX94qc
Amaro,reggaeton,cancion,Dime que Sí,2015,3Ie5UY4rvz1p6VT4O1dNcc
Gigolo,reggaeton,cancion,Regresa a Mi,2015,3o7KyDorLBZNnjW1zZ1NeM
Farruko,reggaeton,cancion,Chapa De Callejón - with El Mayor Clasico,2015,6RPswZzgMaAub6Lp41DCoH
Ugo Angelito,reggaeton,cancion,Mi Chavo,2015,5OcOPakbUsOFGqKvxI0OMT
David Versailles,reggaeton,cancion,Me Tienes Loco,2015,7dPZsLXL8GCYRzbydKpEpS
Amaro,reggaeton,cancion,En el V.I.P,2015,28p5VWbhOc3giUs0n4rj7N
Guelo Star,reggaeton,cancion,El Dueño del Rastrilleo,2015,6HqraNw2liO37f3uwcJwl2
Gigolo,reggaeton,cancion,La Humanidad,2015,6OWfBSBazDHbK6RqMr7gIv
Gustavo Elis,reggaeton,cancion,Si Te Tengo Aquí,2015,0wpYxxxl4pixrVpTTse6rF
Jay y el Punto,reggaeton,cancion,Navidad,2015,0fjCx0XOdIZATFmvufLO3H
Oma 206,reggaeton,cancion,Fuego,2015,3kdnDI0sOc7P0yYPBGpfsG
Watussi,reggaeton,cancion,Mami Dimelo,2015,1QYUStx6CfrL1m5zR6JFEs
Trez3,reggaeton,cancion,Nadie Es Profeta en Su Tierra,2015,5fzjv4MlXz9oCcU72hSx1G
Andy Boy,reggaeton,cancion,Una Noche Más,2015,2Sb6roNP9eIBSnr72rVO6S
Jay y el Punto,reggaeton,cancion,Me Gusta Su Hermana,2015,64iMnf6bvM3FzjETADkokD
Big Metra,reggaeton,cancion,Exito No Fama,2015,3z0ZJLAh1R9gdDWIsTyr9Y
Gigolo,reggaeton,cancion,Tengo a Mi Amor Guardada,2015,6c51xOVOg8Hl2vjuCe2Fmv
Oma 206,reggaeton,cancion,Estoy Mejor Sin Ti (Pop Version),2015,1MUIDjxL5SMWm24JRqM10H
Gigolo,reggaeton,cancion,Just a Gigolo,2015,35kgoMZTDx0XVc2XyjH6XL
Ivy Queen,reggaeton,cancion,Dime La Verdad - Bachata,2015,13zRSPAoZRMSbDS8Zv3Tpg
Gustavo Elis,reggaeton,cancion,Un Recuerdo,2015,4g6Ziq2EKobF9IAdbJmEnO
Wisin,reggaeton,cancion,Corazón Acelerao,2016,6ZxK0ZJjvdhfzVpvXsJizU
Xriz,reggaeton,cancion,Mi corazón (feat. Buxxi),2016,6l2SvCjbLoDvOxoaaFv6He
John Jay,reggaeton,cancion,Rap Father,2016,2CVuG060bYWkMgXixnCbPS
Jetson El Super,reggaeton,cancion,Fuistes Único (feat. Linze & Lennix),2016,0gztjS98YThmGCAZvWBf20
Andy Boy,reggaeton,cancion,Arriésgate,2016,3aSCIduJT7wNdIt3INAUdW
"Nova ""La Amenaza""",reggaeton,cancion,Freestyle,2016,1cPoUxhVzr68Guq4t1tSWj
Gabo El De La Comision,reggaeton,cancion,137 Barras,2016,4ivr95rLT74TUIHpWWHT7b
Jay Ef,reggaeton,cancion,No Te Hagas,2016,6H8hmrkV7gNMihUppRdu3n
Andy G,reggaeton,cancion,Amor de Mi Vida,2016,1Tm6VxnQZ2WjegmfuJVdEA
Andy Boy,reggaeton,cancion,Mala Maña,2016,7dgx0b2Euga0H6y5XYtpSY
area3,reggaeton,cancion,Ella No Quiere Na' De Nada,2016,62Cio3ELZBiDKyS0J2e013
DJ Kadel,reggaeton,cancion,Seras Mia,2016,1Iqau4PyKlN7Ygk4yZvZ7O
Andy Boy,reggaeton,cancion,En la Mía,2016,30OLGN2tR5jXvdwxhWZcr3
"Beltito ""Esta En El Beat""",reggaeton,cancion,Anecdotas,2016,2LrJKSizLWPtnRTnHAGFa1
Reykon,reggaeton,cancion,El Error (feat. Zion & Lennox) - Remix,2016,4SuSXXiGo2CLxVfdSDStEr
Alexander DJ,reggaeton,cancion,Cuando Salga El Sol,2016,4z8Q7U8FRVePNtF1YzhqtO
"Beltito ""Esta En El Beat""",reggaeton,cancion,Polos Opuestos,2016,38711TN6paBrQyMdwvjb1q
area3,reggaeton,cancion,El Verdadero Mambo - Original Mix,2016,2roih9h9Kut3pzKkw9UzJR
Guelo Star,reggaeton,cancion,Domina las Posiciones,2016,2qdLb2NrwEgrwhw2QuQVCL
Camileazy,reggaeton,cancion,Se Fue,2016,1JT1zItZauCntr4wIGe83R
Sniper SP,reggaeton,cancion,Tio Franklin,2016,1JXFof9WdWVWWJo19HaFdG
Sashi,reggaeton,cancion,Deseo,2016,5vSBNq9uKos0z6V0Plx7Ge
Camileazy,reggaeton,cancion,Cualquiera,2016,4wDjMkw3VBNYIcuUspSXzT
Andy Boy,reggaeton,cancion,Tírate un Paso,2016,11z8mHH4Cd7vA4jFuAHcsa
Sniper SP,reggaeton,cancion,Ready Pal Problema (feat. Dbaby),2016,0BYBxwxIXEjrRwHo25Gmi3
Raykel,reggaeton,cancion,Incomparable,2016,5P2Z7lVDZGHpakKGcBpnOO
Mackie,reggaeton,cancion,Repeat,2016,2KzSWt3eWZFg6Tgjpv1d6J
Gustavo Elis,reggaeton,cancion,Mujer de Mi Vida,2016,5rdZg07QYu3zQP8oIarDt0
Ian the Young Rich Boy,reggaeton,cancion,Dime Beba,2016,2WNYPWMbyZUurtBmGoASJY
DJ Nelson,reggaeton,cancion,Estás Aquí,2016,7ArX8O0nGEZNn8tGkF6MyY
John Hidalgo,reggaeton,cancion,Tiempos de Antes,2016,4Ghso45MIog5rpMOxndEPu
Cheka,reggaeton,cancion,Ahi,2016,4pg862CnXwm4uvTbYKayjI
Tayno,reggaeton,cancion,Tu Manera,2016,36bOPzppb7e02bYGGxfWgm
Sou El Flotador,reggaeton,cancion,Culo,2016,6Oxt9q6OwK3NL2upbsC34k
Gabo El De La Comision,reggaeton,cancion,Tan Tan Tan,2016,7tJY0nUmDN4E1g1AgRgyKt
Servando & Florentino,reggaeton,cancion,Mas Suave,2016,2sQ8W0VN141W9gYIE8X7mt
Ervin River,reggaeton,cancion,Hey You,2016,6p7KiIZwp7Iib05kX9N8Fc
Ian the Young Rich Boy,reggaeton,cancion,Como Decirte,2016,0pmPgNoJbQdKf4Cls9K8Ku
Sixto Rein,reggaeton,cancion,Vive La Vida,2016,3Pir7uxmFftlHL8PNi3LmH
Sniper SP,reggaeton,cancion,Tu para Mi Yo para Ti (feat. Mr. PJ),2016,0VkTH5AfmIBhMXnFFbFpiZ
Camileazy,reggaeton,cancion,Se Fue - Remix,2016,1l0VGXAye2Aw37wh1UNZle
Perreke,reggaeton,cancion,Pegate Tu (feat. Chillin),2016,6LtyBZUIIzHoNLZ0qjIs1q
Cheka,reggaeton,cancion,Hagamos el Amor,2016,0cxvHIwJ6o8q8izNklDZsM
Cheka,reggaeton,cancion,Let Me Get It,2016,36egdRGP9J1GDCMv3LVH8I
area3,reggaeton,cancion,No Permitire - Original Mix,2016,5Rb3Xt3EmQmaZnyMKZigrz
Gabo El De La Comision,reggaeton,cancion,Solita,2016,0KovuI7WuSIS8yfsXDPCgT
Raykel,reggaeton,cancion,Dale Pandero,2016,2wOASdw0To2j3FFhxu1q1K
Mill3r,reggaeton,cancion,Amigos,2016,05r0t7zYuItCVp6jpGcRb1
Cheka,reggaeton,cancion,Apiadate de Mi,2016,4nwyJoYQO4CwQtZF8d3rik
Sixto Rein,reggaeton,cancion,Vive la Vida,2016,2XAkVQ65JJCrZfmJILZuEj
"Beltito ""Esta En El Beat""",reggaeton,cancion,Sola,2016,7d9aks9dPS5VfHI3JRuFXN
Cheka,reggaeton,cancion,Hey Tu - Reloaded,2016,06yzAiyLvyg0Vj5twrAdDr
Ian the Young Rich Boy,reggaeton,cancion,Rompan,2016,0QVbPH5iVA9lY9a5wMeXnt
Andy Boy,reggaeton,cancion,La Crisis,2016,24WkuYUbETSMcAVMGYACHJ
Elias Diaz,reggaeton,cancion,Tengo Amor Para Dar,2016,2Xwc57eWvcLBWwNvsrc7Vf
area3,reggaeton,cancion,No Permitire - Original Mix,2016,2lGzmjOgHQyxpG4LzMB3cY
KRISTAL,reggaeton,cancion,Si Fuera Ayer,2016,1MJVVYLkXIdjtV8BhENMzJ
area3,reggaeton,cancion,El Verdadero Mambo,2016,45blFpoGwUwXMyC3SprjO1
Ian the Young Rich Boy,reggaeton,cancion,Temperatura,2016,6Whye7uL4kyPuh6cQfTif5
Falo,reggaeton,cancion,Se Siente Bien Heavy,2016,1AdcTFxrJJYcDWEM7dIr0L
"Beltito ""Esta En El Beat""",reggaeton,cancion,Cama en Fuego,2016,0eXQpi12gRfIsazI6ejLxb
Ian the Young Rich Boy,reggaeton,cancion,Primer Lugar,2016,69uOa0OV75CwjUrQJQhjXD
area3,reggaeton,cancion,Lento Y Suave,2016,64Ye9Dih34L2vhiRhpB86V
Ian the Young Rich Boy,reggaeton,cancion,Callejera,2016,0Lgqokd02LWLng9k1ZfCWQ
area3,reggaeton,cancion,Injusto - Original Mix,2016,4f9bbxIrRitd1Sg1Dxzy7p
Sniper SP,reggaeton,cancion,Ser Como Tu,2016,7og6UD5PSbFFLVYVbwXjmO
Andy Boy,reggaeton,cancion,Dime Algo,2016,585YozKNr2nIqH8JQn4hVE
El Barbero,reggaeton,cancion,Tu Recuerdo,2016,42FPelWcTdV3LCld9sjUIk
Ian the Young Rich Boy,reggaeton,cancion,Perdon,2016,40HX4rXcFs4KRerLDliwr0
KEVIN ROLDAN,reggaeton,cancion,Como Sufro,2016,3MCBCPWhY0brJmiIrW88vY
Ervin River,reggaeton,cancion,Somebody,2016,66ajvrqvVNEkKQh6fIAuKg
Sashi,reggaeton,cancion,Deseo,2016,7FzBRuK9N4WcrsY1MJGj63
Benny Benni,reggaeton,cancion,Fuck Valentine,2016,4FmUMzw1nTjBhnEZeh1iP0
"Beltito ""Esta En El Beat""",reggaeton,cancion,Orlando Es Como Puertorro,2016,3Jq1HqtpM3ZHFKYYUMtfx8
area3,reggaeton,cancion,Ella No Quiere Na' De Nada,2016,2fi140RxvRgKj3NZLKJRF2
Camileazy,reggaeton,cancion,No Return,2016,4XMYFHB0rLYGmoOiWBAWS4
Benny Benni,reggaeton,cancion,El Nuevo Narcohampon,2016,5wEjfbOucHBsC11eT9aGPg
Jutha & Small,reggaeton,cancion,Agua la Boca,2016,7LvlfWb6nX6HsDmSZT8qGv
Yoi Carrera,reggaeton,cancion,El Hueso,2016,0KUEDzbEnGTnMJ77rwxowi
Sashi,reggaeton,cancion,Deseo,2016,3IHqig9LtFDtdzD9it0Asz
Cheka,reggaeton,cancion,Nadie,2016,1LKMVWTU8RFb9kjI9uW3eq
Andy Boy,reggaeton,cancion,Sexo Sin Sentimientos,2016,6qWcbe2sOgWck9DFezVsAh
Enio La Formula,reggaeton,cancion,La Noche Es de los Dos,2016,058LjqdUSc6w7PZiDPfPIu
Tayno,reggaeton,cancion,Hogar Del Castigo,2016,7yazLVSU9nEI8BVpZ0wgv4
Alexander DJ,reggaeton,cancion,Dulce Veneno,2016,6qfd26Wq1QG0bA4WDaBiki
Mohrez,reggaeton,cancion,Dueño de Tu Vida,2016,5P1NnuCcH5wlRHgmiA8cwu
Camileazy,reggaeton,cancion,Se Fue,2016,1FpN61YSgRcq87ZJf3HF4a
J RIVERS,reggaeton,cancion,Señorita,2016,2IZMAwE5Qq8QzmxjqqsT8l
Sixto Rein,reggaeton,cancion,Le Queda Bien,2016,0AyuGdz70veWuC7wvGlFgB
Ian the Young Rich Boy,reggaeton,cancion,No Tienen,2016,4bxFN8Yj2AX4Rf8drmWTi7
Cheka,reggaeton,cancion,Noche de Locura,2016,7etfnIgnTXCnVESBCcPIJ5
Elias Diaz,reggaeton,cancion,La Noche Esta Perfecta - Original Mix,2016,7qeFBdCpuoqP0HqCYwbqa8
Cheka,reggaeton,cancion,Si Fuera Tuya,2016,64mRmzurFvCNORVEBQVn6S
Mym,reggaeton,cancion,Reyna de Reynas,2016,3u7n19yvm3GtkjJwQQfaTM
Tayno,reggaeton,cancion,Amanecer Contigo,2016,6QIX44HeyJuUy9lZBU8iD0
David Versailles,reggaeton,cancion,Te Voy a Enamorar.,2016,2OxeoVRZavcu2VMXSrC2aX
area3,reggaeton,cancion,Injusto,2016,6HfNGhoQMYlGj2cqArrRjD
"Galante ""El Emperador""",reggaeton,cancion,Un Ratito Mas,2016,5ep98OuFVfFWkIsxb7Z0n7
Andy Boy,reggaeton,cancion,Mala Maña,2016,704vkK0WGUKYzkHTb5CCYo
Don Chezina,reggaeton,cancion,Adios Amor,2016,5RNvJPjHRgl44mkUqspR0S
