artista,genero_musical,nombre,ano_lanzamiento,id
Dexys Midnight Runners,pop,Jackie Wilson Said (I'm In Heaven When You Smile),2015,2qpJfjaS0RgLaITmCunutu
Damien Jurado,pop,Ohio - filous Remix,2015,5PJ9iShHfqd4JWbBL46MRr
Orchestral Manoeuvres In The Dark,pop,Telegraph - Remastered 2008,2015,3q8hloM1v2MUHTJGtE5x15
Mariza,pop,Alma,2015,2z8sI7PU8j2S3NPSflCjbi
Kiko y Shara,pop,Perro que ladra no muerde,2015,2nMIRj6a9xJmVSaswnuinR
Los Reactivos,pop,Tiburón XIII,2015,235QOi7QAvmGC40Y6MfSwq
Biznaga,pop,Cul De Sac,2015,3EezaOYnuX7cV4uaF4DmCJ
Mojinos Escozios,pop,¡Sí se puede!,2015,4XCIZprYGwwSp128P6cZMb
Martina Stoessel,pop,"Como Quieres - From ""Violetta - Hoy somos más""",2015,2CcowQIddYPwHgqrTlUNpn
CD9,pop,"Ven, Dime Que No",2015,1Lv62wiKxjsjzaK83BJ8zi
Global Deejays,pop,Get Up! - Extended Mix,2015,1Y8jC5fUAFbw7q8nAPb2S2
Marisol,pop,Con los ojos abiertos,2015,3AcFjKQLgVS3mZjkInMawZ
Fran Ocaña,pop,Bajo un Cielo Azul,2015,5OO0vNtpsRFPNjnHgCO9PJ
Ecos del Rocío,pop,Emigrante del Sur,2015,4MQOd74wSdu9noSsh3pwi8
Fran Ocaña,pop,No Vale la Pena,2015,46G4SdPblanYHZnzLL305q
Picco,pop,You Know Why - Edit,2015,6idtNT4TA7GlRYXnF8ZGpL
MAYKEL,pop,Amor Volcánico,2015,7rPBC4rxZJHShULC6qYlK6
Eladio y Los Seres Queridos,pop,Virgen de la Carretera,2015,2e87UqS3zS3LeQqZ81PXkv
Murciano Total,pop,El castillo de Roman,2015,1621kXV96BdDfjjsSkacFz
Hazte lapón,pop,Cómo funciona un corazón,2015,552I2KcjyUDCbEMSOhr0Ll
Kate Ryan,pop,Runaway (Smalltown Boy) [Christian Liebeskind Radio Remix],2015,0xBvRRXW1pVKo8szlLJFs0
Maronda,pop,Brindar Con Detergente,2015,6P9cnhOhA0IaAldKN9uIRm
The Vamps,pop,Wild Heart,2015,3g7xh2gZJW0PtbSid92AVQ
Russian Red,pop,John Michael (Thalab Remix),2015,4kL4ZF5OYyTGQK5RSCToYu
Nick Jonas,pop,Jealous,2015,2muP4xe3ooskovBsdIujL6
Celia Gamez,pop,Estudiantina Portuguesa,2015,2sLetYuFYRqzFpTvfusphi
Murciano Total,pop,La casa parisina,2015,2gRWWAvCbEFBdh1qQOzS3V
Ivan Ferreiro,pop,Dies irae (feat. Bunbury et Santi Balmes),2015,0uU02gRgpYZlYdA89W4gv5
Mi Capitán,pop,Millones de palabras,2015,7L8D4xO2Tia2y7TQtKs5ZL
Travis Matte and the Kingpins,pop,61,2015,11fWzKhw23lSgdw214x8sn
Orlando Dias,pop,Preciso de Ti,2015,4jtMPqV18zb45GIH22TGx2
Seguridad Social,pop,Despierta Mi Pasion,2015,4u5SHeN2pFRhHosdLj7cm3
Biquini Cavadão,pop,Janaína - Ao Vivo,2015,6GoWFERsfB8wajwoGcebLr
Biquini Cavadão,pop,Sobradinho - Ao Vivo,2015,2bkVyFSupAOuFO1MaSLKQk
Agnaldo Timoteo,pop,Último Telefonema - Ao Vivo,2015,1npGjRpPwIj2P5tViz8nH2
Agnaldo Timoteo,pop,Queremos Deus,2015,0y7teqT7yBzY8gkRs0qT5i
Khushboo Jain,pop,Sarak Jala Odhani,2015,4CkudWPpQicr5BTXofRmLR
Asha Vaishnav,pop,Jasol Ri Majisa Moto Devro,2015,5t7xu8Wvq4flSVNOZQae7S
Lepai,pop,Takonang,2015,7MrrWkvpa5ic1eqRHPP184
Move over,pop,Pronta Pra Andar,2015,4tEvZ822o79xEG8UcNSzmt
Tarali Sarma,pop,Behuri Gauri,2015,6BjEEiiQSOhVpmQLR3GpLo
Kirtidan Gadhvi,pop,Ek Zarmaariyalu Pon,2015,05R5oyXvPqiOatbvFSilzw
Christian Bella,pop,Yako Wapi Mapenzi,2015,4lELt3fmu84CdV12ZjrBhX
Israel & Rodolffo,pop,Frio e Calor - Ao Vivo,2015,4d9aRBNvIQvVwEzMshp4Ed
Tarali Sarma,pop,Kohore Uddhaba,2015,4qcAww8KCskwY2wweXEzbm
Alkawi,pop,Lenggang Parasaian,2015,2EIS6Szw6l4uHA2OEhNlMM
Zubeen Garg,pop,Nao Dubi Gole,2015,5wUPOSSeY1AMaxTipBZoOy
Rocío Jurado,pop,La Virgen y el Ciego (Villancico),2015,4Xnb7YUKQ3tBFBIfidTkad
Rocío Jurado,pop,Me Quieres de Cuando en Cuando (Tonadilla),2015,5aus3dp5wuL8S0aNqUh8NA
Thurneman,pop,Går in i väggen,2015,7Iy97a8b58vzThkGBOAfc6
Afrigo Band,pop,Baba Watoto,2015,7kCWHror2uTFd1jcc5zOx9
De Uno En Uno,pop,No Huyas de Mi,2015,2sRnAvRurmNaNE3MFi6r8l
Los Corraleros De Majagual,pop,Que Problema,2015,1GnmbkMWRv3SBKvSc0GgGf
Ritesh Pandey,pop,Babuni Ho Abhi Umiriya,2015,77hfLhureTD2sXf61HuFca
Los Secretos,pop,Ponte en la fila,2015,1t0wjGvdr86J3n1ZD4vZ5u
Dương Triệu Vũ,pop,Yêu Mãi Yêu,2015,6s9BnEm4TDOBQRNJKd6i3t
Noor Jehan,pop,Aaina Jo Dekha Toh Main,2015,6s9PkGVYkfHPT0fWnbyUqr
Quang Linh,pop,Người Em Gái Nhỏ,2015,14sv8qrRNqPTucCcArfhYR
Scory Kovitch,pop,Sweet,2015,633GjmftBshTSZdvyXF9sr
Gramoun Sello,pop,Moin la sot la mer,2015,24wRhOWq0ItgycWKYUamHK
Sumon,pop,Nodir Du Kul,2015,3yPrF7Yb1pfqC1r47iCl0d
Manuel J. Bernal,pop,Galeron Llanero - Instrumental,2015,18dyftXJ19CVoxFkzvaHcO
Zubeen Garg,pop,Jeena,2015,3ODz3zf05yLopkvEPRRZXC
Einar & Einar,pop,Et vennlig smil,2015,3MjOkt7JKrvHMtcKRh7FWE
Tiho Orlić,pop,Sve Si Dalje,2015,4Nrc42O9zsEmL25CKutcZS
Roberto Scaglioni,pop,El Timbalero - Cumbia Bajon,2015,1NVPphLX5kYg5XBqwjETzF
Ira!,pop,Nasci em 62 - Demo Tape,2015,3dJtly67wMq1RPyKcnodk9
Arjan Korkaj,pop,ARJAN KORKAJ - Më jep dorën për unazë,2015,1GpCS6sjOxxReMIDWdBfN0
Rajesh Payal Rai,pop,Chahidaina Timro Jaali Maya,2015,6eB3puUNLwhVN3Q32XrOqH
Liis Lemsalu,pop,Shine,2015,359U0E7hfaJC4Lr6ktTpZl
SoundScape,pop,Alabama,2015,2hlcl22PkLaV8COdGc0re0
Yash Kumar,pop,De Di Ago Lalanva Aey Bhola,2015,2HypigFMWzjrfPj6q5CiDd
Anders F. Rönnblom,pop,Vid Bellevue en drömvärld spökar,2015,6Xvt7pIENCzNj7jCPq9Fkk
Las Aves Cantoras,pop,Mi Sufrir,2015,7zQVbs3uX9ObXpuuPNIUeq
Sarita Kharwal,pop,Khetaram Ji Ro Mukund Ghodo,2015,56kWLR2ouGbkT8u3ICWc6n
Leonid Utyosov,pop,Прогулка,2015,4UZTmvfxFKcIr7UpqksEex
Molotow Brass Orkestar,pop,Schaubeschad!,2015,4rWWU814VSbCmBQLNsRy7w
Peppino Di Capri,pop,Chi sono io,2015,7FU4IZL0Twh7dwiO0bwVWe
Jens Book-Jenssen,pop,Sjømanns jul på Hawaii,2015,07afIt3D0C5EVvAxzYYDf4
Đặng Thế Luân,pop,Non nước chung tình,2015,7FUEEZbBKIpL4HUtMtJC6Y
Diana,pop,Edame Ha,2015,1OE1tBM6XmB6wgTt3SxFEZ
Lando Fiorini,pop,Chitarra romana,2015,2uUkgfy0SATE5cMmJnmLfO
Ajmal Waseem,pop,Jhatey Jhatey Rus,2015,0R6Ca2dlNJrtsmxaH6Gsyq
Roy Acuff,pop,Waiting for My Call to Glory,2015,6ds306QrbtbC0Rfl4386wg
Stefania Rares,pop,Joaca bine bade hai,2015,3NZOjwKpgnbri57snrvMUT
Sardar Ali Takkar,pop,Da Khpal Yar Da,2015,6eCN8ytqc0SdcxeodxZiAU
Dave Pell,pop,How Are Things in Glocca-Morra,2015,27yjwvIy88pB7RK45O8Pbg
Ghazala Javed,pop,Za Tokal Pa Khudai Janaana,2015,7kboAkMvDxkwQ4VFhbSX2Q
Los Corraleros De Majagual,pop,El Bobo,2015,2m5ErF55ibgj5SY7UWUZ4l
DTM,pop,Prove Them Wrong,2015,3yE56zDZpdBgu86iVKXp3y
Atta Ullah Khan Esakhelvi,pop,Dil Lagaya Tha Dillagi Ke Liye (feat. The Professional Brothers),2015,7yFyuQ444bIgqMrvdg6g0w
Stratford,pop,Jeremiah,2015,2n20DutUzN1wkgTWiJEiaU
Vasilica Dinu,pop,Usor usor fac paralele,2015,3LvLilYIGAyaCvgZVqFHA7
Royce Wood Junior,pop,Clanky Love,2015,2PcfUC152iwWKsYtX5hlPj
Asees Kaur,pop,Prayer Alpha Vidhya Sankul,2015,3j0InSISJDTjjCACp5eajA
Cal Smith,pop,Amanda,2015,5hAPcxKta8xUbOrbPDZfAu
Václav Neckář,pop,Maľovanie Na Plot,2015,1jXM9Regz2bylePDEJxHp6
Lalitya Munshaw,pop,Jai Adhya Shakti,2015,1R9DXacpPe96dytqyFxb4B
Amongster,pop,Salrow,2015,4a0FsPaa5aHgKKWsq7TrcZ
Maria Koterbska,pop,"Dziś nie wiem, kto to jest",2015,1Oa157FuhE34VP37mNjPyt
Sergio Dalma,pop,Eres,2016,6IskShsV8VnQn0lgKKm68D
KSHMR,pop,Bazaar - Official Sunburn Goa 2015 Anthem,2016,1DibHfs2dLkJzZk7cvMRqL
Bastille,pop,Pompeii,2016,18JYi0yzAm0DHcvtI3RbeU
Paty Cantú,pop,Rompo Contigo,2016,7kyd6BhGbrCBVe7aeQB2Xt
David Barrull,pop,Te Pienso Sin Querer,2016,0rQOHereomi2BuSxBrLwBU
Soraya,pop,Long Time,2016,2Uwqt38MIXF9DNOO03vpSU
Sweet California,pop,Vuelvo a ser la rara 2.0,2016,3Q7oY1ewSn213sfsSjxyHw
Juventud Juché,pop,Miedo,2016,3QZpJmUec9pgWyRmowHQey
DMEI,pop,Es tu amor,2016,3NeRjnDy4zT8NHTdjoGhjM
Neleonard,pop,Menos De Mí,2016,2xOu1o3GyvdeZJvZ1SJ3uJ
Grises,pop,Huesos,2016,5NTrSnFEHmuFeZWTSdouhj
Scotty,pop,On the Move - Radio Edit,2016,7oYx04zLUq0foLIl8rbh1K
Varry Brava,pop,Americana,2016,31apCuNASUdqmymmgKSAIJ
Pablo Und Destruktion,pop,Extranjera,2016,0Uldb6QJleRNSCvoSfUDey
Vinicio Capossela,pop,Dagarola del Carpato,2016,2xIF77seInRffOvd92FfMf
La Barbería Del Sur,pop,Rosario Dinamitera,2016,6DsRiSasltNgPuw8jsbLEM
Cherezade,pop,Mi Universo,2016,0R2ZCgktfLZ7yjQ9JmOGVx
Nicky Romero,pop,The Moment (Novell) - Lipless Remix,2016,4xJiZsyercTzis4IRDiaw6
espiritusanto,pop,La distancia sobrante,2016,4UhEWCiu3l5g0rE8eEq4OE
Cristóbal Jiménez,pop,Islas Canarias,2016,08cvpfQa7f8E17z5oOdzKk
W&W,pop,Caribbean Rave,2016,3qLNk2uk4YKX5OQSNJws3X
Terrier,pop,Déjate Brillar,2016,593LFSa4CGoMEw07rgDOzg
Montse Cortés,pop,Con Diferencia - Bulería,2016,7zUboJlXo6z5eiNmKvOYwj
Diana Navarro,pop,Ni siquiera nos quedó París,2016,2Flecdg8Hu1CAM99fBWjLd
Varry Brava,pop,Callada,2016,3tcUW1mQxZOnyBheOH1w4b
Terrier,pop,Gafas Estrábicas,2016,6iGQErqlJD4Wy9AxKRsFxb
Cupid's Carnival,pop,Summertime,2016,2mFvBQI1lIIg5Wed85mpwY
Cupid's Carnival,pop,I Was the Boy,2016,495u7S0ABymTvxqTgGlLRB
Havinhell,pop,Ceria Kebersamaan,2016,2nLj7i1McnQnmgWoiAArlk
Jignesh Barot,pop,Chotila Dungaravali,2016,0p8WKLCTYcvAXrqtiatIyS
Indu Sonali,pop,Ae Raja Hokhata Pasina,2016,2yvxJxZM97FlCfpgwGvEEg
GEMS CHONGTHAM,pop,Oh Bala Oh Bala,2016,6yUnkejUowd0ucZ4g8yvnU
Jignesh Barot,pop,Ubhi Sire Ne Ubhi Bajar,2016,1CVj2QaNAraUhhTkvfjDo8
Lopamudra Mitra,pop,Bhalobashi Bhalobashi,2016,4bnxVTBjI3gxOlzUls0l5d
Kinjal Dave,pop,Muva Man Marje Mati,2016,1GBN6awwroxzQZ5vB8olac
D’MASIV,pop,Sudahi Perih Ini,2016,2QMwlFFtltMWctHhAQJJwN
Neelkamal Singh,pop,Rahiman Ke Dhaga,2016,2z4PB6LPC5Aet0nsaA7GsH
Sandro e Cícero,pop,Pegada do Bebê (Ao Vivo),2016,0vL6PByR4lHaqmmcumZuSG
Zubeen Garg,pop,Akasot Eti Tara,2016,2kYxat3kTg39ogEXb8KVvK
Prakash Mali Mehandwas,pop,Surra Mein Pujayo Waro Teja,2016,7ovuAGa99mv0gR68ncYoCt
Forever,pop,Bangin My Screw,2016,7kCdXZEG6Qi3SNWJ7tSLnH
Ridho Ramon,pop,Sansai Den,2016,07wTlUXAxRQp6A5vkvrJwe
TSAR,pop,Novy Vostok,2016,4UXpi7jZsnwoTLdAUAsYuO
Pilotox,pop,Baúl de Recuerdos,2016,56vUEreYGj1mqtfKgGAJtc
Alaza,pop,Sale ére,2016,0uuMGdi9qQ0DyaiCa2YWKZ
Yves V,pop,Condor (ANR127),2016,6sAGD9WdOKefhrKZgFWdWD
Babiluzion,pop,Dancehall Queen,2016,5KFoWJHXpSpJ5ASjFg2IHC
Rekha Rao,pop,Khol Da Belauj Ke Batam,2016,1h8MAiYKZmBpAMjZHlgD3y
Suresh Wadkar,pop,Shiv Shambhu Jatadhari,2016,0VGnc39CknfLrC9m5kiiCm
Koma Dilan,pop,Yeman,2016,3Ms93j8DABSylKzHWMnG1s
Jignesh Kaviraj,pop,Nai Chale 500 Ni Note,2016,2Np8ez4aggfoqsuvgaXqJ6
Finlanders,pop,Ave Maria,2016,0l1O0pr6aoHScw9tGSuoBy
Hanny en de Rekels,pop,"Warmte,liefde en tederheid",2016,0nzlQc2pTp2dtyaRCdf5sE
Teklit Kidane,pop,Beal Feres - Eritrean Music,2016,1CIjggGkfz83yjXPCosvmi
Kinjal Dave,pop,Ali Sonta O Bun Konta,2016,5ODxkMC6LoAcPbFdpRKYsy
Kinjal Dave,pop,Nonchok Vir Parnva Jyoto,2016,0EALOoKrrQCl8FT0WLTZGY
Adult Fur,pop,R=Ln(2sin(256θ)),2016,4WXP9sAbvPUsw7u4NQcH2b
Slow Steve,pop,Foam Shapes,2016,5t6Uu2WW3VlfShKrNmHYHo
Breno Ruiz,pop,Flor Lilás,2016,1eZn1JClcXJnfpqC8khQsH
Dinesh Mali,pop,Bhaya Fagun Ra Gunn Gavo,2016,6gjA4afPRkUnsyLOzwel9C
Gert Hollander,pop,Waar kan ik je vinden,2016,4aofpnKyA65kWalhwVxODF
Michael Sullivan,pop,Amanhã Talvez,2016,45gUNV4JvaLDVHacdw5j1l
Ningmuanching,pop,Kei di'n hin non bawlsak,2016,5qkXadACQolXZmFknfQGXL
Javed Ali,pop,Jagi Jagi Si Ankhoon Mein,2016,3wKXuksmsicJDW853MbMS4
Javed Ali,pop,Naseeb Che - Original,2016,0n1YIFen4v6n8767C1pHea
Snorri Helgason,pop,Á meðan borgin sefur,2016,7wGi8gwPAlkEyTccNdgJL8
Dominique A,pop,Léthé,2016,4O4tIDlmqKNLT3LRqxjB5v
Iran Costa,pop,Balanço Legal,2016,5lHbT3m140BdwiM3dSv7h6
Rauni Pekkala,pop,Autoajelulla,2016,5t7O8MPcP2zByAVjyTfnzf
Indu Sonali,pop,Bidi Banake Hamra Ke,2016,4zaFg8Aw9By8EAwjel23HK
Johanis Reinosa,pop,Exaltado,2016,7eBb3VYVkTpz1aVefCtokR
Prakash Mali Mehandwas,pop,Madam Rukaidi Rail Gaadi Ne,2016,4N98GYw2HeOcovoICnIJ4g
Udit Narayan,pop,Are Re Re Re Raum Tanana,2016,0wtgoAFLl5DS7NRUE7egHL
Casulo,pop,Meu Lugar - Ao vivo,2016,0j2gb90FGs3nknfwPJm30L
Jignesh Kaviraj,pop,Hed Mariae Chotila Aoto,2016,55rcLzjnwmTBZwNwxXiEpx
N'we Jinan Artists,pop,Niiyan Skidah Weetcheednan,2016,0dKi7Okat6ygbNWM2IxrIi
Cousin,pop,涙のゆくえ ～虹色ノートMix～,2016,0KJiZV9StvaIxbBeV2O2G0
Sahab Singh Ramola,pop,He Dharti Mata,2016,4eA2Dq0SQZ6BUuL1Jpc4ha
Jignesh Barot,pop,Meldi Maa Ni Chundadi Mo,2016,17mtMFMsNL9MBIgfAkjKnT
Les Tit' Nassels,pop,En plein cœur,2016,6EPSFkzgDXW64ceZTRsSMg
Sniglabandið,pop,Klukkurnar í Notre Dame,2016,6drKuXAHU4NYAJkQAlwlef
Alla Pugacheva,pop,Не звони,2016,3fvzrO2bA4LIQyrzwT1H3L
KARWAN XABATI,pop,Nawe To,2016,3MjL94a3LMkSp47H4xOmxV
Suzanne Prentice,pop,I Believe In You,2016,3Mjv440CGRabdrN2A1hAW9
The Prozacs,pop,Struggle,2016,4nG5jOETVWPbRi6fa9lwd3
Zemlyane,pop,Одинадцать невежд - Live,2016,4y7U6FdrqrN0vA8NMbv5dm
Rita Drangsholt,pop,Du Var Min Første Kjærlighet,2016,7G9tvM2TURKKWdIGhYLyha
Naseebo Lal,pop,Pind Hove Pawen Sheher,2016,2PAwiONquNbfV6saVFTMKX
Mobi Dixon,pop,Ubudoda,2016,6UHHHWpqhYg0Q3rU1Yy6nS
Vice Vukov,pop,Kupačica,2016,56Kwvuz0iMbmwJYOymu81l
Ricardo Braga,pop,Voltei Aqui - Ao Vivo,2016,4QjYqqr10VRR6WFJPsPL0D
Nagendra Ujala,pop,Jahar Bana Gailu Jinigiya,2016,3zOiPz39UjsDWrHlnvmDqa
Zemlyane,pop,Представь себе,2016,569p4TlroZ02WXr96nvCS5
Elessar UK,pop,Holding Back,2016,6goELHnSj78QiPqwK4BqiG
Mehnaz,pop,"Yara Gal Sun Yara (From ""Himmat Wala"")",2016,6Xw7xlBMs7u99QAxB6DOp6
Luxley,pop,Tremors,2016,66t7Uh29mjvNCC8RYOOaRc
Theo Thomson,pop,Maybe Tomorrow,2016,6qaNzlr80JBVcADiGmFp3T
David Vassalotti,pop,Broken Rope,2016,5CvDTgCnxGSOlEu5Mfbbj4
Char,pop,THRILL (Live),2016,2174m8cYahXPICNw8sqVYW
Vee,pop,All We Do (feat. G-Clef),2016,6OHnXFaVMMasDzS4JR1Fu2
Mägo de Oz,metal,La danza del fuego - Versión 2015,2015,4w8v5JD4AerV4rdzyqhGFp
Hira,metal,Doinu Berrien Bila,2015,1xsnVJAMYuhwPSjc7sBgyc
Mojinos Escozios,metal,¡Sí se puede!,2015,4XCIZprYGwwSp128P6cZMb
Hira,metal,Doinu berrien bila,2015,6KwyCetReY6gqVigVB4Qrp
Carnal Blasphemy,metal,Purification Through Violence,2015,42Fi8GBUZQDTx8Av9kWu2x
Serpentor,metal,Sentenciado a la Calle,2015,6yVyJW5vz1EeUiaow70qcT
Stauros,metal,Apostasia - Ao Vivo,2015,293wF1j8Ho1I2qyMO33wap
Baboon Rising,metal,Magnetic Personality,2015,5DEJqwqTXHMH9WShF5F17l
Incinerating Prophecies,metal,Praying to the Void,2015,1ODcKKFWViAxS2ZCIQfSFa
Catharist,metal,Rendered Sightless,2015,2m6GGwHoNBmrlpohr3UICl
Ritual Kannabis,metal,4:20,2015,5qDRdMX0XqmccMQeCoKbSW
Peculate,metal,Illusory Sun,2015,4rq20pWA6aVhPtz8MGLIIV
Tyrant's Kall,metal,The One That Slumbers,2015,6xRCSVTOAe0X4O3UC81P9b
Българи,metal,"На теб, Българио",2015,3sGNezuPqD8SfVztiPFunU
HOWLING,metal,Dancin' In The Light,2015,3NZiWfPNJpYqN9LjWjyF8w
Blacksoul Seraphim,metal,The Catalyst,2015,1IJGbpGmIIg32MuL7tw7ZM
Vardan,metal,The Cry of Dying Forests,2015,15F3VsY4bYWmxbUgYlHWiv
Kronos Resistor,metal,Understanding the Supermassive,2015,1t1qvcUcnzcRzF8V3MYSDk
Isengrim,metal,Maata Ja Multaa,2015,3ym7J0k7KLebIxgAUzYCBM
Bastardhammer,metal,Cavemong - Ketamine Binge Mix,2015,3WspkBAXkLQJXXXA9ML3re
Circo de Fantoches,metal,Leis de Padrão,2015,3oW3RjZ99ljc6uEv7ez911
Alex Martinho,metal,Power Jam - Ao vivo,2015,1s3fAMFOhd1LaJM9sGt8QB
Wild Dogs,metal,Dammned,2015,2bD9o3AFDolcvBx0QkJnkC
Dissecdead,metal,Tears of Darkness,2015,4yrOX61jPTrVLoqALf6Onf
Wangelen,metal,Ñache,2015,28WLNgv6h0ZCH0pnNNPP0m
Gloson,metal,The Aftermath/Beginning,2015,6OFnjSg4DlpNRuAEuK2id9
The Canyon Observer,metal,Lost in Silence,2015,4UYIFvpFFkMQi0TFFL9ftV
Larva,metal,Inféctame - en vivo,2015,3fwjnAHAN6PREmSTGaimMG
Fervent Hate,metal,Diablo,2015,1UjG8detkpN0TCjZQXGIYL
Awakened Inferno,metal,Soul Release,2015,1VTYX6VBa9QPuWf1lUE0p6
Syphilic,metal,Sentimental Sausage Links,2015,5b8XlXf15Gl6RRfzoDZsAu
Khepri,metal,All I Am,2015,14u5SCtZ4ArZVynss9DFZ0
Angel 7,metal,What the Lord Has Built,2015,7GSOTmiNspVXKXYkBIh0o9
Grÿmt,metal,Equilibrium,2015,5DFAoR4kNTTTa885yZdIbI
Screaming Condors,metal,Comitter,2015,4J6uY2D0NHAAIAhpPExg18
Box,metal,Pony_Killer,2015,31qye3me2ABWrgOsb5bsWq
Lethal,metal,Here We Go Again,2015,3ynjOPDehQt4kr7KN5AIcJ
Sacrament,metal,The Comet,2015,7KEdSLF7atr8StWfL4lj5A
Anoxia,metal,Lake of the Dead,2015,4lRFbeRkiJjmh4ZJVtrIf1
Anadora,metal,В начале,2015,5gzP7TDboVuMlvv3ziNp3F
Chaosmic,metal,Nadir,2015,6VgKkQHeZKOJ1jQ60K8oap
Bloody Hell,metal,They All Have to Die,2015,3WrbKocWKwtfmL4HUxPqu7
Dogbane,metal,Sands of Time,2015,7EblVPSJUWC90o5hY9OB1y
Chaos Descent,metal,Warsong - Original Mix,2015,6d3MDhWrFxMSSD5gHIN9QZ
Devlsy,metal,Phases,2015,6dVfrMkJhVdCRY3GujxBqi
Snakedriver,metal,Reverse Damascus,2015,3mDnx0AwICisKMhgaZlFuF
Hungry Head Hunters,metal,Gwen - 2023 Mix,2015,5FkQ7vnh9M5N3WpmQYfd1w
Coldness,metal,Hope,2015,12gNSPkWF8qxVXTiW9xDZe
Stonecutters,metal,Saint Sinner,2015,3uxQFZ9uSZIffmwldrw7r0
Aye Mammoth,metal,Thunderbolt,2015,45QrU3Hj4ip02Y3IM2VcnZ
Downtown Brown,metal,Hit the Bongos,2015,6kwwpNQaY53KsVd5KtTxjD
The Black Monolith,metal,Victim of Yourself,2015,6SAZRqCZkAClefrcWuIGjO
House Goes Down,metal,"Em Frente, Enfrente",2015,7djaLEHth6xA9K38UeBfpb
Montes Insania,metal,God of Dust,2015,2uxi0rmcLrw2fwDT632ERr
Spectral Darkwave,metal,At Midnight...Alchemy,2015,0LtEmfpAJsu2UPtumU7MDZ
Piraña,metal,Metálica (Six Beer original),2015,3TSTrTaJqvCPWMFyysNfGK
Carnalation,metal,Prometheus,2015,5GKGrTroNKKzAx04uqvm50
The OverAlls,metal,Parasite,2015,31OqLVMnmqBckz5O3zyWKr
Infamous Glory,metal,The Conjuring / Blackening,2015,116sBep8TrwYclHMS1HEfE
Arsenal,metal,Fuego en la Obscuridad,2015,6ziAiA1T6bEnGNEJtbzBGI
Satanic Assault Division,metal,Defiled by Abalam,2015,1MxESUTWo2mQnrAiv0iJIz
Deconstructing Sequence,metal,We Have the Access Code,2015,7IxcuVz5Et13cE0NPCtIS4
Argos,metal,Homo Ex Machina,2015,1dQEOkAvO9LYHKhlqb0HxO
Lapsus Dei,metal,The Meeting (Live),2015,6h8fPQ6YZw0a62UyThZVCg
The Machinist,metal,Sledge Hammer - Matt Saderlan Remix,2015,2PBHErzpC5blYZG8HL99bH
As Darkness Fell,metal,In the Silence,2015,0fNicMW6Ir11S4RUQpgAe3
Grimorium Verum,metal,At the Gate of Darkness,2015,0fNoJ2VRN4xAEKJ9HdDNNn
WithoutMind,metal,El Bus de Porcelana,2015,3PBix5a0llEQ3DJRYmEDaa
Sons of Haze,metal,She Comes and Goes,2015,3nIRgHnsMhv4kuHvUQ3JwU
Fischer,metal,We Only Live Once - Chillout Mix,2015,5wluWSzTTTp1JaFIOCREmh
Meliah Rage,metal,Bates Motel (Live 1988),2015,1MMuL2a6SDqs0ksdbxmdnm
Mornië Utúlië,metal,Kim Jesteś?,2015,6iCMw9kNcco8pN3DGhMB2d
Saintorment,metal,Move in Time of Groove,2015,3oVGMMcRkIgUjkgymCgAgP
Eisregen,metal,Gott der Panzer,2015,762RG2FJOjHGI6TLWHBYB9
Acid Death,metal,Future Deadlock,2015,0SzPQze8mZOOOxcihdyvd4
M.A.I.M.,metal,Beyond the Horizon,2015,2tslSUGTgSmE1qSdyXBcpK
Throne Of Malediction,metal,Invisible,2015,0A7mkKAaFziPlOZpwHd6UG
8m/s,metal,Pictures Never Change,2015,2v45dvDo33Vi1OvVaKlUpz
Drone,metal,Higher - Original Mix,2015,5vI9HkKf5C5zwADHfxYN0J
The Ogre,metal,Medieval Macabre,2015,3VgMNpG6UUK0duQ5QW2eQv
At War With Self,metal,Completion of the Cycle,2015,21resRye0a3JhHeAo2r7j3
Inhuman,metal,The Chalice,2015,3yCRhkCrTo6HBkzaVtbMod
Crepitation,metal,Shittifying Quaffage of Hideous Smegmatic Rectal Chunder,2015,6PwFvz3DoFnPLHtAWjkiA4
Anion Effect,metal,Fear,2015,26i8FgRNVRkFoUBkgREaP9
Mangled,metal,Raise My Fist in the Face of God,2015,5HHLYlUrACOHOzZk8CqLSM
Sacrament,metal,Gothic,2015,5HCeiaRBsWVR6ZkOGdzNin
Raising The Veil,metal,Keepers of Omniscience - Remastered,2015,1xLjecUvtpd43pTa3zFgzy
Animality,metal,Anthrodisfigurement,2015,3epQP3RVsJi2qMmmqitST5
Sangdragon,metal,Foe's Funeral,2015,7lHoVF9MEZp4M2HmbxQ1ft
Шторм,metal,Незваная гостья,2015,6huMnmug5Q97ibhWSMHiff
The Heritance,metal,Liquor Lullabies,2015,4oMQrc40xvtmTMh5BdaHDF
Argos,metal,Miasfera,2015,4WK8THTxN7APz2EaG1k9l6
7 H. Target,metal,Cyborg Kombat,2015,5Hm2g2it3IsWdy8xUtkXkO
En Esch,metal,Give the People What They Want,2015,0y7lnOCsXjHobgPUKjORTO
Obrero,metal,Machester Morgue,2015,0n0ha0BO98MlZ57OvB5c8V
Disloyal,metal,Corporate Beasts,2015,3f3vdamB8xkWlUsCw7GzHA
Octalux,metal,Blood of the Hydra,2015,5ddLqfX2gAYa4g4EfFa9cZ
Anfuse,metal,Inmortal,2015,1PXQSEkkNBZmwnkCdPnLQ6
Mons Lvnae,metal,Voyage,2015,2NdvFa3RPaibHGw0MBSBtL
Montes Insania,metal,Etude in Color of Past,2015,40m7Glw2U2IcRbaHBg7UK1
Arrhythmia,metal,O Pasado Non é Unha Opcion,2016,7AssiaqOWq87QywkUaW0r1
Caos Day,metal,Las Calles Hablan,2016,4S3VlJFI02Bl82NQfgzDQh
Jane's Addiction,metal,Been Caught Stealing,2016,5jQtVvUwGAQB2dIJN9lgWD
Scila,metal,Before Your Eyes,2016,0DSnrZWYIi1t4ryoT2x80c
Gizeh,metal,Carretera Sin Final,2016,1DN9CCYOAyTsEur1Mtmupz
Nocheterna,metal,Tu propia voz,2016,4KWlGbXV0QOAKBRAJo3RlV
Psykup,metal,Teacher (Sors la tête),2016,2fr2BdQvxMtiQFzHnvRc3h
Nocheterna,metal,Tentación,2016,0sJiwuu1XqF3e9M80IZyw8
Fable,metal,A Horn Heralds the Day,2016,6two54RuOUBFNv25eE6ZBs
Hukutus,metal,Nadiirit,2016,65zp8tp6Tm9WuMbyVbBt5z
Calamity,metal,End of the Road,2016,1GoQfmkfM4E71RWLxhz1le
EF,metal,Mitthha,2016,3fxZBnurkv9UqGxCGw5f4d
Decimate,metal,War Goes On,2016,1s2qebKVBgqfFMC3WcKvGk
Decayed,metal,Night of the Demons (Introduction),2016,6UaVS8tioVaTQNiEXJ3QS3
Thokkian Vortex,metal,The Impeccable Sorcerer,2016,1VVUvzmR9D08kca5SchFIa
Kitsune Art,metal,Those Memories,2016,7gJ2GsiHen5fnn0WDuA3Q0
Door Into Emptiness,metal,Sady mir,2016,0rNXSGjR1sZ8t2vQ1vjDNw
Infected Flesh,metal,Unearthed in the Permafrost,2016,3LvP1HnPLx7FUF7dOn17Wc
Rani Chatoorgoon,metal,Heartbeat,2016,1yZNUqO2xgjkKsrXkeHOZ3
Inferitvm,metal,Ancient Blasphemer,2016,1VMhMtnciKsltQUXg3HPef
Sabhankra,metal,Our Kingdom Shall Rise & The Moonlight,2016,6Dqbxrd4xFJ8gs5sCKrLJc
Astral Experience,metal,Delirio,2016,01DG6cKRJFZDxcfLB19EJQ
Expectativa Zero,metal,Noche de Lobos,2016,6eGSkeLh8u5WOtwT9v375q
Scala Mercalli,metal,Face My Enemy,2016,19pCqseOqnfAUDiFUtvCTG
Stardown,metal,Among the Stars (Instrumental),2016,0l0nk7BvvhHqmLyJ0eutH8
Betray the Emissary,metal,Barriers,2016,1pzMZr2GRt4syN0TDNWFKO
Devouring,metal,Horror (Funeral of Christ),2016,4VXW0mmH8bbgrh2sz6mhdc
Inferno,metal,K.K.K.,2016,1yZrXn3Lh858pA8OTZgtSD
Trumpet the Harlot,metal,Devastate the Delicate,2016,7MdjyNizRnB2Phq0nTvrh5
Outloud,metal,The Last Days of December,2016,5HH2gkePyprVJBLMslUhK9
Crystal Pyramid,metal,Upon the Peak of Revelation,2016,4y8F0zTIVzhZksnYmPb9BF
Caetera,metal,Purge,2016,1yZB45vd0uxPLPFb83VC8i
Nephilim,metal,Moment des Todes,2016,4rqqkxy0JCfiF2Z3wBdDH3
Rezet,metal,Breaking the Chains,2016,2PB1KT1isPOlOvcaBB1e2A
Skullwinx,metal,The Relic Of An Angel,2016,0CfXnQJdYRSaQE5yWVCSNY
Sekoria,metal,Vendetta,2016,6xQSlzWAvduR36KlNdIvUk
Gotland,metal,Adrianopoli,2016,0kAYZojckaGdYIrkJqYoou
ASHLEY MOSHE,metal,Пыльца,2016,58Hw90iejGq1HBikeDS9Hv
Elarcos,metal,Maravillas Diarias,2016,6d2b2vHbrCnenswsNu4Oi9
Suhgurim,metal,The Withering of the Soul,2016,7dOzwOnmA3QpFex9xv0KC2
False Reality,metal,Dear Friend,2016,116Yf8VIMZHrbSJakKoLbN
Ruins,metal,Symbols from Intent,2016,6gnF1lPm6nfbwAXJBWKprs
Condition Red,metal,Changing,2016,6tyAnyETQWnndAbYuWaByc
TenTwentyEight,metal,Red Sand,2016,5U6rKwAi7hLQWh18j8dHBP
Motörhead,metal,Ace of Spades - Live In Munich 2015,2016,2Xilvr6E4Oa2QJbi9BAfaT
Northern Revival,metal,Tongue Twister Titleholder,2016,1ftvUw5HFcHFuktiGuDtk0
Crowhurst,metal,"One Broken, One Sold",2016,6J7iH2DktvV8HJJuSBly6G
Holocausto Canibal,metal,Afogada Em Vomito - Live,2016,6GJNqA6L8onF7EHrNjAPto
Necroterio,metal,Deformed Process,2016,1mAVSbW66dritjvQ3mKh7K
Jawcen,metal,Marchita,2016,37PAnzM37pKMQT8drYW3SU
Mephistopheles,metal,The Orator,2016,2pdBFin5Qisr8aocynPpys
Order of Leviathan,metal,Constant Perdition,2016,7qI82krjrz2AoLv5osQXCN
Reincarnation,metal,Drowned in Blood,2016,6eFxHL02nyMR0N9fWquF7j
Immemoreal,metal,The Unholy Intro,2016,1SlCVQJazNhnrkFdpvmzjR
Matakabra,metal,Pesadelo,2016,4RwLTDCGP6O5rzIYnVEfkv
A Dream Of Poe,metal,World's End Close,2016,0wIi0GjwUbCoHRIjOZ9D1B
Kangal,metal,Made for Kings,2016,1szyEvJiE8fSmSVdS6ZVRN
Black Bomb A,metal,Tales from the Old School - (Live),2016,3MkKWXz0I4JnSdLMv6QAYe
Rotting Obscene,metal,Absence Of Light,2016,7FUbxngiL4m35vqr59cWpY
Asia,metal,Bad Chick,2016,6h8q5Dug5IhzsorSMMHZtf
Hung On Horns,metal,Kings & Liars Pt2,2016,04Cwf8p3G5t1eCLMyU6SoB
A Constant Storm,metal,Wasteland,2016,1bBycpjdO5iyE1DNtCx5wv
Alienadept,metal,Enemy Mine (Leoben Conoy Decoded Remix),2016,2qmsU55anlMYKFAANchJv9
Ottobrenero,metal,Veleno,2016,0MAyjtqgKaxxqZcwbm9jGC
Path11,metal,Terminal Breath,2016,7A0QhOZ0fFKoHYAKcC4JCT
Unfathomable Ruination,metal,Forge of Finitude,2016,6MagheKz4TlCyx6mFv7Orw
Flatulated,metal,Gastrointestinal Pathology,2016,0n2yTFDhq9iLxVEDttZaKY
Sky Crypt,metal,Element of Anger,2016,1GoVQ8jifYJd2ewSD23rxV
Deteriorot,metal,Endless Hauntings of Demons and Despair,2016,6XwXaQmrz4Ex0z9x2D1DRV
Necrokult of Kronos,metal,V,2016,6pUu0t3GiV83QdRRWBtQHY
Vía Dolorosa,metal,La Secuencia del Viento,2016,1NV9av8BKvperzL8uaLbCH
Fungus,metal,Dead Soul Creation,2016,5Yo1kOGgAmmGvDq4NvmSAN
Cell 9,metal,A Burning Haze,2016,6eCczpI3IKDHk0yjZRicIN
13 Steps,metal,Willing for Power,2016,57lRTE7GkhtoD1f46bp6ma
Fortíð,metal,Hof - Demo,2016,6s96Zkno0HjvHJyL9P4myy
Bloodphemy,metal,Folie a Deux,2016,1t0Ta1CUOjsEpWTviLouoN
Soulhenge,metal,New Horizons,2016,3NYuf4gBuuR5rgXBFrInDK
Agregator,metal,EdenEast,2016,1lOsrdAHe67LycwzX5zFuN
Stone Healer,metal,Lark's Head,2016,4aB3KxAaiWFQm9p8g76gSl
Scalpture,metal,Incursion,2016,7qGzuyLqxNn7FcogzWknkO
Viron,metal,Drum Solo - Live 2007,2016,06hCVLss3Gwe6GrX5kpL73
Luciferian Insectus,metal,The Crowned Deceiver,2016,0poWKSkW0xTtouMMYN0W4i
Natvre's,metal,Woven Art,2016,6t3xjBEmRN3adbfu1xgDkc
Athrox,metal,Pretend You,2016,3SeTvWyR3klbotcOdfQhhR
Bajo Zero,metal,3er milenio,2016,5LMrrtIRX1gio6H86RZWzw
Lacrimae Mortalium,metal,Anxiété,2016,439vs0eKtOHNuqAzpvR47w
Wonders of Nature,metal,Abstract I,2016,25AdPSBrS0NlN3elCKXKue
Obscura Insania,metal,I,2016,34SpNQd1IP307vIO1vkGUZ
Undead Viking Mafia,metal,Downhill Blues,2016,04uYKJKbRZlG8Y523Wm6bB
Epicedio,metal,Ambar Chamber,2016,1ngYZd02UjQo7YJyxyUGSI
Awake the Secrets,metal,Payback,2016,62tbBPJp3gU0pKziYNMKTA
Aeterna,metal,As the Wall Breaks,2016,5dmxMQYyk4krZkKkgxyeYP
Holocausto Canibal,metal,Supremacia Carnivora - Live,2016,5YnfEFEMpyV0tGKcIEIf7L
Enfant,metal,Victoria,2016,1dPXQAAUKHm4JHGimhpuMK
Circle Spectre Haunting,metal,Hymn Unto R'lyeh,2016,5OYIGQzdkP6GxLlaNztsDV
Pagan Megalith,metal,Virrasztásban,2016,4mvI4z01UHHkcS79f63yOl
Separation Of Sanity,metal,Vengeance,2016,0ZRPLL11lPsADCNyBlifrF
Le Bal des Enragés,metal,Sabotage - Live 2016,2016,2dcoS5KiE5mVlYj3gaIZqV
Karnak Seti,metal,Bounded by Misfortune,2016,3NZrq1KIdhLh7ad776IRYd
Hempírika,metal,Mentiras Disfrazadas de Fe,2016,6OIHo5UyFtp94xp3c6Jlq6
"Galante ""El Emperador""",reggaeton,No Me Deja,2015,11ngVIsZSfvYyosA1n2STu
"Galante ""El Emperador""",reggaeton,Gata Pistola,2015,1E9AjPtlusUAyKkmRsDqUc
Gustavo Elis,reggaeton,Un Recuerdo,2015,31PkyrfjVoo8aywqCgF7pk
Gustavo Elis,reggaeton,Solo Eres Tú,2015,5uvaTeXRvsJg1LGS8pVgDW
Ugo Angelito,reggaeton,Perreo del Puro (feat. JQ & Michael),2015,1z6BE1YlZhWUz2v87cFBdH
Ivy Queen,reggaeton,Más Feliz Así - Bachata,2015,5cdkceyMreiPtTSsZc2UnS
Gustavo Elis,reggaeton,Yo Te Gusto,2015,7iEXe54w0OdmPoAM7gjFD7
"Galante ""El Emperador""",reggaeton,En el Silencio,2015,1WSxOu1EwJXqoPnKrBiczs
Tempo,reggaeton,Respeto,2015,1ZKeoaayZ72hz5dJwJiUd6
Gigolo,reggaeton,Derroche,2015,4L0jAtBzbhXNWRVXcC0btA
Oma 206,reggaeton,Dale,2015,3HyVzlEtbLnn2Kte1F9zl8
Ivy Queen,reggaeton,Dónde,2015,01EPYtFLFp9uL3XGKN5b2G
Daddy Yankee,reggaeton,Que Se Mueran De Envidia - Remix - with Daddy Yankee,2015,0P4WpdkZrV4rlYy9Sler1y
Artista Rosario,reggaeton,Aunque Tu,2015,4xWWJReqF300GRtR6P7mNi
Andy Boy,reggaeton,Mala Maña,2015,7jvilVQxohyauA7LdZDGHP
Artista Rosario,reggaeton,Será,2015,2BUxH8e8lcES8UOKyxU8xb
Artista Rosario,reggaeton,Tu Cuerpo Me Llama,2015,4pLfBuVs1zwoHBj9Y9jWIr
Big Boy,reggaeton,Dope Boy Money,2015,5xKsjFeGmzTruiGqEiEr68
Henry Mendez,reggaeton,No Regresa Más,2015,4wCdDNLahhf06Oph32lYHV
Nova,reggaeton,This Is It - Original Mix,2015,0w2Nfj9zDxFqkYZhwXHlyA
Ivy Queen,reggaeton,Dime si Valió La Pena - Salsa,2015,5a8nQKT4kGFd3DxzxG3Ewv
Aran One,reggaeton,Tus Besos,2015,5vh4Ca5bK1UqBWVd5RbG4W
Elio Mafiaboy,reggaeton,Sintiendo temor,2015,4pXt6rUT0Artyt7RdrEOuG
Elio Mafiaboy,reggaeton,Saco la corta,2015,46LUj1SjyVwAuWWdaKTb8Y
Ivy Queen,reggaeton,Un Hombre Bueno - Salsa,2015,2mMyZdlPLAjimJG40GQgcz
Henry Mendez,reggaeton,Enterprise,2015,01CSNaRRPqU62eIbXSBfFu
Defra,reggaeton,Sueño Sudamericano,2015,6yg4YSeZWVrWC0S7DzG1n5
"Galante ""El Emperador""",reggaeton,Desde Antes,2015,4qyBP1QZi35OzwUKXoRK7P
Artista Rosario,reggaeton,Noche De Caseria,2015,3O1r3WZluarRkjR8l8vboZ
Watussi,reggaeton,Malunga,2015,12jXwrBIMVYiSKCorJLS7y
Artista Rosario,reggaeton,International,2015,0edDDJHV0iK15oX2nAnVhW
Elio Mafiaboy,reggaeton,Te vamos a pillar,2015,71SU3OYgZ8Qn5hHIYJQk6f
Elio Mafiaboy,reggaeton,Querida vieja,2015,0OjKQ3K85aMIh9Lv0zjNjy
Gustavo Elis,reggaeton,Recuérdame,2015,49TiuCvufQSFKPcku2YMWR
Gustavo Elis,reggaeton,Báilame,2015,2OuCdI7H45Y5n3g4lut8xg
Farruko,reggaeton,Chapa De Callejón - with El Mayor Clasico,2015,6RPswZzgMaAub6Lp41DCoH
"Galante ""El Emperador""",reggaeton,Algo de Ti,2015,4bsHEY12xwBKb7SRckz9uQ
Jay y el Punto,reggaeton,Más Que a Mí - Portugués,2015,2WSxPZja2Fqm2vkfHfk2dh
Artista Rosario,reggaeton,Jugando Al Amor,2015,3wp0bmxeA4HmnMv2qk3VSu
Jay y el Punto,reggaeton,Sin Luz,2015,0l1PomwOoW3ufhNrZD7rQ6
Guelo Star,reggaeton,Todas Fuman,2015,3MMiqsuiz9SuEqxMsmhHdl
Oma 206,reggaeton,Se la Soba,2015,6jClPm7Gz5KAAHTvmLC6IO
Benny Benni,reggaeton,Desahogo 2,2015,0fW6ezm70xBJ7gaNKoeSel
"Galante ""El Emperador""",reggaeton,Te Merezco,2015,2LvIUcQY3g9jXdKQdU9zoF
"Galante ""El Emperador""",reggaeton,Me Di por Vencido,2015,6NyujvDWdbg4L1rLSC1IiO
Henry Mendez,reggaeton,Amarte Más,2015,1IjF5sLR8wwf4JUGikBXB5
Jay y el Punto,reggaeton,La Soledad,2015,6TljHas7OBbfXsmZHs8san
FVBIIAN,reggaeton,Ah Oh!,2015,0ECV3F6c4pEUhCwvHqtKTA
Gustavo Elis,reggaeton,Secreto,2015,2ytM8w2hDmPt1Ktg0IYtXn
Jay y el Punto,reggaeton,Más Que a Mí - Pop,2015,40yxGuFRKqd4vChzyXwKCL
"Galante ""El Emperador""",reggaeton,Cuando Estas Sola,2015,6VIMnTXdU0k1c1H6aAyveP
Gustavo Elis,reggaeton,Yo Te Gusto,2015,6w8cDDhFxnxzfRH0RGjjra
Gigolo,reggaeton,Veni Baila Cuarteto,2015,67cXIfVdCeWr9IBwMSL3MC
Jay y el Punto,reggaeton,Me Gusta Su Hermana,2015,64iMnf6bvM3FzjETADkokD
Trez3,reggaeton,S.O.S.,2015,1nXIQW4UCqrzBMek4B8rr7
El Doggy,reggaeton,Perdoname (feat. Jhonny Stone),2015,7oBN8x18NSgmBhuK0l14dW
Jay y el Punto,reggaeton,Sociedad Hipócrita,2015,3SQ7YbYwgEJTBr8r8rxYgz
Gigolo,reggaeton,La Rosa y el Negro,2015,2yTnPCUzD8xJcQVyjTGdmE
Jay y el Punto,reggaeton,Ayer la Vi - Salsa,2015,4iFClFaaKeddiiBndtFuDR
Andy Boy,reggaeton,Una Noche Más,2015,2Sb6roNP9eIBSnr72rVO6S
Kavelo Y No Drama,reggaeton,Wild - Remix,2015,1cORkPbkIPS6ljBwZndh62
Jaydan,reggaeton,Nada Me Separa,2015,5jghJBKIQoRHEGjIXdNVFm
Nova,reggaeton,10 August - Original Mix,2015,5yycmemrlZCL5RnvrPeYgt
Oma 206,reggaeton,Fuego,2015,3kdnDI0sOc7P0yYPBGpfsG
area3,reggaeton,Si Tu Marido,2015,0u4nFhUCw7j6quOfz6bMbG
Amaro,reggaeton,En el V.I.P,2015,28p5VWbhOc3giUs0n4rj7N
Gigolo,reggaeton,Just a Gigolo,2015,35kgoMZTDx0XVc2XyjH6XL
Ivy Queen,reggaeton,Dime La Verdad - Bachata,2015,13zRSPAoZRMSbDS8Zv3Tpg
Gigolo,reggaeton,Se Siente Sola Hoy,2015,2NfAGoEM9PgNzAyh27z53W
El Calle Latina,reggaeton,Vengo,2015,1W498d8htJpTYsgYCOVcTS
Artista Rosario,reggaeton,La Vida Es Una Sola,2015,69kB1clBCo5MtoxagKOvJM
Rocko y Blasty,reggaeton,Mariposa,2015,6ZWZ2yOXaIeOeleC4f31P7
"Galante ""El Emperador""",reggaeton,Infieles,2015,2z9ABMnnlPzpGicU0Wknnx
area3,reggaeton,Si Tu Marido - Original Mix,2015,0l49TvKRinPAHD8czTeAPR
Shaka Y Dres,reggaeton,Pardon,2015,42SJfhqylG6ieHG65581qK
Elio Mafiaboy,reggaeton,Tengo la plastic,2015,2aF9lzw8iB0PyEPIQiSSWM
Artista Rosario,reggaeton,Amor Al Poder,2015,5tQjl6j59IqrNknxUTJA0S
Gustavo Elis,reggaeton,Te Extraño,2015,0sRElmSp8jQpjqo8WhacwO
Oma 206,reggaeton,Tu,2015,32itqAHLQ7jHzcRWBkRr2G
Oma 206,reggaeton,Estrellita,2015,0XdVmkCPyTd5Da2ZALDlt6
Trez3,reggaeton,Búmeran - Mambo Remix,2015,39XFM63b9CX4HME0307Lwt
Ivy Queen,reggaeton,Ver Tu Fin - Hip Hop,2015,65xMdiEDqISOUJQeZLhH08
Ivy Queen,reggaeton,Se me Vuelve a Olvidar - Salsa,2015,6tpOTIQPAVOeWImEgAeLrw
Eyci and Cody,reggaeton,Me Gusta,2015,5JJ7oakkQ3hySQ3y75q6T2
Gigolo,reggaeton,Separada,2015,1A6gKPvOyAcl5Tz44kvuEb
Ugo Angelito,reggaeton,Mi Chavo,2015,5OcOPakbUsOFGqKvxI0OMT
Abraham Mateo,reggaeton,All the Girls (La La La),2015,1EeeIo8zsls0ttRWbt226y
area3,reggaeton,No Permitire,2015,6blQANb7UuHyNFX3pRrUFG
Ivy Queen,reggaeton,Por un Descuido - Bachata,2015,64Qcxnn6cfOi9TWz9PXath
Gustavo Elis,reggaeton,Un Recuerdo,2015,4g6Ziq2EKobF9IAdbJmEnO
Elio Mafiaboy,reggaeton,Voy a hacerme rico,2015,4rmKn6Oi25niIQxNMehsE4
Elias Diaz,reggaeton,La Noche Esta Perfecta,2015,1r3meCSqEu1N4MuGgdzIpX
The Noise,reggaeton,Raices y Cultura,2015,0SlA09QZaSbRMhSpKL2j4E
Gigolo,reggaeton,Que Suerte,2015,4DZx9IlQFKOupDN8GjA9rU
Marielle,reggaeton,Controvento,2015,1qDiaQXZcyAKPRAg6MzcW8
Gigolo,reggaeton,Regresa a Mi,2015,3o7KyDorLBZNnjW1zZ1NeM
Gustavo Elis,reggaeton,Tú Tás en Mí,2015,5hMpS1UxH65GO2UNMQNgHM
Trez3,reggaeton,Nadie Es Profeta en Su Tierra,2015,5fzjv4MlXz9oCcU72hSx1G
Jiggy Drama,reggaeton,Te Busqué (Vancho Mix),2015,1PGpt16vCnwViu4DaXYliP
Amaro,reggaeton,Dime que Sí,2015,3Ie5UY4rvz1p6VT4O1dNcc
Wisin,reggaeton,Corazón Acelerao,2016,6ZxK0ZJjvdhfzVpvXsJizU
Jay Ef,reggaeton,No Te Hagas,2016,6H8hmrkV7gNMihUppRdu3n
Andy G,reggaeton,Amor de Mi Vida,2016,1Tm6VxnQZ2WjegmfuJVdEA
Andy Boy,reggaeton,Mala Maña,2016,7dgx0b2Euga0H6y5XYtpSY
area3,reggaeton,Ella No Quiere Na' De Nada,2016,62Cio3ELZBiDKyS0J2e013
DJ Kadel,reggaeton,Seras Mia,2016,1Iqau4PyKlN7Ygk4yZvZ7O
"Beltito ""Esta En El Beat""",reggaeton,Cama en Fuego,2016,0eXQpi12gRfIsazI6ejLxb
Andy Boy,reggaeton,En la Mía,2016,30OLGN2tR5jXvdwxhWZcr3
"Beltito ""Esta En El Beat""",reggaeton,Anecdotas,2016,2LrJKSizLWPtnRTnHAGFa1
Reykon,reggaeton,El Error (feat. Zion & Lennox) - Remix,2016,4SuSXXiGo2CLxVfdSDStEr
Sixto Rein,reggaeton,Vive La Vida,2016,3Pir7uxmFftlHL8PNi3LmH
Alexander DJ,reggaeton,Cuando Salga El Sol,2016,4z8Q7U8FRVePNtF1YzhqtO
"Beltito ""Esta En El Beat""",reggaeton,Polos Opuestos,2016,38711TN6paBrQyMdwvjb1q
area3,reggaeton,El Verdadero Mambo - Original Mix,2016,2roih9h9Kut3pzKkw9UzJR
Guelo Star,reggaeton,Domina las Posiciones,2016,2qdLb2NrwEgrwhw2QuQVCL
Camileazy,reggaeton,Se Fue,2016,1JT1zItZauCntr4wIGe83R
Sniper SP,reggaeton,Tio Franklin,2016,1JXFof9WdWVWWJo19HaFdG
Sashi,reggaeton,Deseo,2016,5vSBNq9uKos0z6V0Plx7Ge
Camileazy,reggaeton,Cualquiera,2016,4wDjMkw3VBNYIcuUspSXzT
Andy Boy,reggaeton,Tírate un Paso,2016,11z8mHH4Cd7vA4jFuAHcsa
Sniper SP,reggaeton,Ready Pal Problema (feat. Dbaby),2016,0BYBxwxIXEjrRwHo25Gmi3
Raykel,reggaeton,Incomparable,2016,5P2Z7lVDZGHpakKGcBpnOO
Mackie,reggaeton,Repeat,2016,2KzSWt3eWZFg6Tgjpv1d6J
Gustavo Elis,reggaeton,Mujer de Mi Vida,2016,5rdZg07QYu3zQP8oIarDt0
Ian the Young Rich Boy,reggaeton,Dime Beba,2016,2WNYPWMbyZUurtBmGoASJY
DJ Nelson,reggaeton,Estás Aquí,2016,7ArX8O0nGEZNn8tGkF6MyY
John Hidalgo,reggaeton,Tiempos de Antes,2016,4Ghso45MIog5rpMOxndEPu
Cheka,reggaeton,Ahi,2016,4pg862CnXwm4uvTbYKayjI
Ian the Young Rich Boy,reggaeton,Primer Lugar,2016,69uOa0OV75CwjUrQJQhjXD
Tayno,reggaeton,Tu Manera,2016,36bOPzppb7e02bYGGxfWgm
Sou El Flotador,reggaeton,Culo,2016,6Oxt9q6OwK3NL2upbsC34k
Gabo El De La Comision,reggaeton,Tan Tan Tan,2016,7tJY0nUmDN4E1g1AgRgyKt
Servando & Florentino,reggaeton,Mas Suave,2016,2sQ8W0VN141W9gYIE8X7mt
Ervin River,reggaeton,Hey You,2016,6p7KiIZwp7Iib05kX9N8Fc
Andy Boy,reggaeton,Dime Algo,2016,585YozKNr2nIqH8JQn4hVE
El Barbero,reggaeton,Tu Recuerdo,2016,42FPelWcTdV3LCld9sjUIk
Sniper SP,reggaeton,Tu para Mi Yo para Ti (feat. Mr. PJ),2016,0VkTH5AfmIBhMXnFFbFpiZ
Camileazy,reggaeton,Se Fue - Remix,2016,1l0VGXAye2Aw37wh1UNZle
Perreke,reggaeton,Pegate Tu (feat. Chillin),2016,6LtyBZUIIzHoNLZ0qjIs1q
Cheka,reggaeton,Hagamos el Amor,2016,0cxvHIwJ6o8q8izNklDZsM
Cheka,reggaeton,Let Me Get It,2016,36egdRGP9J1GDCMv3LVH8I
area3,reggaeton,No Permitire - Original Mix,2016,5Rb3Xt3EmQmaZnyMKZigrz
Gabo El De La Comision,reggaeton,Solita,2016,0KovuI7WuSIS8yfsXDPCgT
Mill3r,reggaeton,Amigos,2016,05r0t7zYuItCVp6jpGcRb1
Cheka,reggaeton,Apiadate de Mi,2016,4nwyJoYQO4CwQtZF8d3rik
Sixto Rein,reggaeton,Vive la Vida,2016,2XAkVQ65JJCrZfmJILZuEj
"Beltito ""Esta En El Beat""",reggaeton,Sola,2016,7d9aks9dPS5VfHI3JRuFXN
area3,reggaeton,El Verdadero Mambo,2016,45blFpoGwUwXMyC3SprjO1
Ian the Young Rich Boy,reggaeton,Temperatura,2016,6Whye7uL4kyPuh6cQfTif5
Cheka,reggaeton,Hey Tu - Reloaded,2016,06yzAiyLvyg0Vj5twrAdDr
Ian the Young Rich Boy,reggaeton,Rompan,2016,0QVbPH5iVA9lY9a5wMeXnt
Andy Boy,reggaeton,La Crisis,2016,24WkuYUbETSMcAVMGYACHJ
Elias Diaz,reggaeton,Tengo Amor Para Dar,2016,2Xwc57eWvcLBWwNvsrc7Vf
area3,reggaeton,Lento Y Suave,2016,64Ye9Dih34L2vhiRhpB86V
Ian the Young Rich Boy,reggaeton,Callejera,2016,0Lgqokd02LWLng9k1ZfCWQ
area3,reggaeton,Injusto - Original Mix,2016,4f9bbxIrRitd1Sg1Dxzy7p
Ervin River,reggaeton,Somebody,2016,66ajvrqvVNEkKQh6fIAuKg
Sashi,reggaeton,Deseo,2016,7FzBRuK9N4WcrsY1MJGj63
Benny Benni,reggaeton,Fuck Valentine,2016,4FmUMzw1nTjBhnEZeh1iP0
"Beltito ""Esta En El Beat""",reggaeton,Orlando Es Como Puertorro,2016,3Jq1HqtpM3ZHFKYYUMtfx8
area3,reggaeton,Ella No Quiere Na' De Nada,2016,2fi140RxvRgKj3NZLKJRF2
Tayno,reggaeton,Hogar Del Castigo,2016,7yazLVSU9nEI8BVpZ0wgv4
Alexander DJ,reggaeton,Dulce Veneno,2016,6qfd26Wq1QG0bA4WDaBiki
Camileazy,reggaeton,No Return,2016,4XMYFHB0rLYGmoOiWBAWS4
Benny Benni,reggaeton,El Nuevo Narcohampon,2016,5wEjfbOucHBsC11eT9aGPg
Jutha & Small,reggaeton,Agua la Boca,2016,7LvlfWb6nX6HsDmSZT8qGv
Yoi Carrera,reggaeton,El Hueso,2016,0KUEDzbEnGTnMJ77rwxowi
Sashi,reggaeton,Deseo,2016,3IHqig9LtFDtdzD9it0Asz
Cheka,reggaeton,Nadie,2016,1LKMVWTU8RFb9kjI9uW3eq
Mohrez,reggaeton,Dueño de Tu Vida,2016,5P1NnuCcH5wlRHgmiA8cwu
Camileazy,reggaeton,Se Fue,2016,1FpN61YSgRcq87ZJf3HF4a
J RIVERS,reggaeton,Señorita,2016,2IZMAwE5Qq8QzmxjqqsT8l
Sixto Rein,reggaeton,Le Queda Bien,2016,0AyuGdz70veWuC7wvGlFgB
area3,reggaeton,Injusto,2016,6HfNGhoQMYlGj2cqArrRjD
"Galante ""El Emperador""",reggaeton,Un Ratito Mas,2016,5ep98OuFVfFWkIsxb7Z0n7
Alexander DJ,reggaeton,Cuánto Quisiera,2016,46jHduhzyZVqS3U9bUSQpx
Camileazy,reggaeton,No Idols,2016,7n2XYAD46h8o2LtsfG5zOa
Ian the Young Rich Boy,reggaeton,No Tienen,2016,4bxFN8Yj2AX4Rf8drmWTi7
Cheka,reggaeton,Noche de Locura,2016,7etfnIgnTXCnVESBCcPIJ5
Elias Diaz,reggaeton,La Noche Esta Perfecta - Original Mix,2016,7qeFBdCpuoqP0HqCYwbqa8
Cheka,reggaeton,Si Fuera Tuya,2016,64mRmzurFvCNORVEBQVn6S
Mym,reggaeton,Reyna de Reynas,2016,3u7n19yvm3GtkjJwQQfaTM
Tayno,reggaeton,Amanecer Contigo,2016,6QIX44HeyJuUy9lZBU8iD0
Andy Boy,reggaeton,Mala Maña,2016,704vkK0WGUKYzkHTb5CCYo
Galindo Again,reggaeton,Joseando,2016,6MjRMbTD23qqWxbbe1mHlQ
Tayno,reggaeton,Vete,2016,5GzYDRKOg6VmOdruxD6lk6
Camileazy,reggaeton,Stylo,2016,1ZCeLI7uY7ok4bsIaBcf6G
Sonny & Vaech,reggaeton,Perreo,2016,1xOZrd2xLwMiJpkHSaQQ0i
Alexander DJ,reggaeton,Bien Bonita,2016,4caQoFporsPVzXOXBttUWh
Lenny Tavárez,reggaeton,La Nena,2016,4XNFIQtp93UdkYNxsxmKsk
J RIVERS,reggaeton,Dame un Beso Mai,2016,3DeMxS4ebG11GebrkBa2Tc
Gustavo Elis,reggaeton,Mujer de Mi Vida,2016,5uX4ERpyphH6HiqKD58SQi
Sniper SP,reggaeton,Musa Pa las Canciones,2016,64N5IscadMRWE7bEk8o2WB
Camileazy,reggaeton,Por Ti,2016,7az2Eg6S9km1UNyYXVWdXw
Brytiago,reggaeton,Los Scanners,2016,0TndD7j6kjBSfMVV3J3oZy
Dixzon,reggaeton,Si Supieras,2016,4TQEjzZnkGQzXeUSTwxaUs
Domy,reggaeton,Mi Nena Es Mala,2016,295kRiN6INyEEKnMHIVSWt
"Beltito ""Esta En El Beat""",reggaeton,Las Charoles,2016,0qnPuV9CXTmktwWDIHfG6Z
BeatBoy,reggaeton,The 3.01 Chug,2016,1oOcl20XZX5ysepgAnODnY
Cheka,reggaeton,Ese Booty,2016,5vWdBWtzCsqZqMjdekC1iz
Arianna Puello,rap,Metralla (feat. Keishal y Niche),2015,6nmSTECWC5VUXdSpwd9a3e
Arianna Puello,rap,Levanta las manos,2015,3v9XjAHTUrmbRLRnE4UNEP
Jazz Bandana,rap,La Bendicion,2015,14ccWkZUKu7P7sNeb938nE
Lasai,rap,Strictly Ganja,2015,787zzaM1664QzvqpHt7w34
Are el Real,rap,Hombres de Palabra,2015,67skhihX633UYkcFjjWbRY
Soriano,rap,Ruina en Cómodos Plazos,2015,3rJ4SuuI3oVKpDrAIaMo8k
Are el Real,rap,Dream Team,2015,1mNmbbpkm7mNg1wmd2mree
Subversa,rap,Tempesta,2015,5VYVaYcqqzNuHJNxUCs7py
Shintoma,rap,Ritmo Roto,2015,7yiyXf63re7SN7TqYzZroV
Jazz Bandana,rap,Tokyo (Outro),2015,14ewYQFKq3FT1DqfQodWBr
Desmond Jones,rap,Psychic Lunch Fuckers,2015,3zMkRrJHXiVRszestQp3xt
Lil Rue,rap,Mobby,2015,1GnacBpv3u9wTt0II22p0w
L.A Hip Hop,rap,Mostre o Seu Valor,2015,0uWmzClb6vfaFRoEJTKW4K
DB Tha General,rap,Bout That Action,2015,6eB9fSEss0NNtz4FP5b4QQ
Maus Elementos,rap,Skit 2,2015,1Uuu1WWDkv1LGKeZdIcrjj
Nauí,rap,O Sinal do Pesadelo,2015,4UYDsK6HjSnJysiEXFszTO
MN MC,rap,Ousadia,2015,2eGrHGvMHC8lGmzKn3srJX
ChaMane,rap,20,2015,0hUgm14nDgZh19KO8ezkWF
Vulto.,rap,Statement,2015,52AZ8tuwwmuGVO6KWVySNk
Datcha Dollar'z,rap,I Like That,2015,6vL1YU0hhpg3q2YPixgRr2
Bobi Bozman,rap,Outro,2015,0sNE3JDmXaDIVNWWLuyLuW
Cyco City,rap,Intro (Bump a Bitch),2015,6eBsG4iTZV09RsMgEvOSMc
Cyborg AOS,rap,Es Necesario,2015,72nwC5M16wci58bIzwiaZI
Cameron Blake,rap,Fireman Snowman,2015,66tWIFwD4JDP2EjGAQVtjN
So Real,rap,Im Wet,2015,5N2eCVRN4DwGx47X9k7mIh
Schoolly D,rap,Gangsta Trippin,2015,65XqT0Exc1QI2VKrLUoysw
So Real,rap,The Lights Is Out,2015,3ymCElHBZ0dPOCYg9iSFEc
JasonMartin,rap,FTSOY (feat. 12til),2015,1IJntVEO8KWR9OnOCCkb0g
Calicoe,rap,My Brothas,2015,0nU7m5VizloLUa96qwRbkK
TOKONA-X,rap,H2 Remix,2015,51LSbn0J7sTYjzgtTUTNfb
Kolera,rap,Kurgu Bilimi - Re-Mastered,2015,0IojyYznh6MVIZrjpnYRgk
Veedel Kaztro,rap,Der Tag,2015,6HUT8ijVUHEcDRrJSp4irB
Dru Down,rap,Summer in the City,2015,2uV800eVBzkDhP6UB1cCTZ
DB Tha General,rap,Im Rich,2015,6xhkgqPFc3XmKXL0zXL7Q0
Rasheed,rap,White Shark,2015,1uHPmwYI4Ssb7nVue4kC5h
T.Y.,rap,Its Over,2015,7dvS75tpiYQtQvxL32JTi7
I4NI,rap,Saturday Afternoon,2015,4Mu4g0Kk1P6gk2jARyjPXi
Ice One,rap,Senza motivo - Remastered,2015,39da8trLWCC7qqoZqjR2Zm
Kt Foreign,rap,Ima God,2015,4jYgiS92yqNO5nqQ1Y2ll3
Issa Paz,rap,Tatuagem,2015,5Eb7Qb5oigYdEtWKWeeUl4
MC Habit,rap,Grannen Franke,2015,7Bm9Jj5kWnVmHQL64DYI2s
Kid Astronaut,rap,Everything,2015,0l0i9QNvfZXqGsIwqDcAvl
Baby Joe,rap,Ride on 'em,2015,05QFhpBmm3xiEMz3j8PIDI
Lil' Flip,rap,Bestfriend,2015,7JiNbwMgClXVe0apXkSZNh
Elenco,rap,Te Va la Vida en Ello,2015,02fNt8Uf0Ec7RscqscxXEq
Harikiri,rap,"Tell Me, Touch It",2015,6qZvrXaY6hKL2Dr3UmPWB2
Chippass,rap,What You Gon' Do,2015,6eOel13s6FKMwtxWD461ND
Nauí,rap,Estilo Sick,2015,5wrwYvINeH1AtvcUuem6n1
Baby Gas,rap,We Got It,2015,5sctVjf5haixkNJop2ZtBy
CTS Kamika-Z,rap,Ó o Zóio,2015,0aUqrq7ROL9vNKqfnol7Ht
バブルソ,rap,Rising Sun72,2015,4dOqAQGrMqOGKFT8xPIVil
Kadence,rap,Green Light (feat. Enlitenment),2015,7c66cE8v2sqS0cIRt2FptM
Fico Rodz,rap,Radio Bemba,2015,2hBH0eyM2BPQj12Ay6ZXvM
Fat Pat,rap,Melodic As Tits - Original Mix,2015,6PN1BjeUh6U0haxeAuqXWl
Linco,rap,Diamonds in the Rough (feat. Rwilde),2015,5I12ut59utnlbEaC4Ejxe0
Yofu,rap,На краю,2015,7bm2IrMHRzPtOUOEh39110
Lil C,rap,Wake up Get Money,2015,7rqGMGISiNvLckkqCr9S2a
HD,rap,Know My Struggle (feat. Bakerfam Lil Joe),2015,6dcJdOLYVC23fZWPTT827p
BiggDawg C-Loc,rap,4am,2015,076cPNxRuqWZ29GgMq6EuW
Bone Thugs-N-Harmony,rap,These Last Days,2015,0VVXU1YtqOax1fvGlMb0g2
Reda City 16,rap,Omri c'est fini,2015,5sdkoSORzSwObFeAaLyaPo
Ximbo,rap,Del Parque,2015,7EkcrFYyhJIdlRZKoMgHod
Brous One,rap,Interludio,2015,4lhWekKm9TGRVCYP1FS6KZ
STXXCH,rap,Theme Song,2015,5CxFinyBH1SdHYCoJuvkK7
Lightshow,rap,Feed My Whole Crew,2015,2SLwphTMeDQUZYwn171q7q
Payaso,rap,Losin' My Mind,2015,66GhjYrya8xmZLI6S0i8lu
Devak24,rap,Devak,2015,1yUhf7zrFJOtejSO8vfEmF
Piotta,rap,Piotta Presents Go Mixtape (Street Art Files) Ii,2015,0sXeWwVxOlS1EBSRGggKKy
EMC,rap,Outtakes,2015,2F9qjk3L7mcjUeJma99n47
Shaggy,rap,Falling in Love,2015,1fvBcaO4sGyd9AwbPFELzv
UnderWHAT?,rap,Садам Хуссейн,2015,4lhSIr1QdPBVLAdbAHCvBK
Chingy,rap,Anythang,2015,77iNYjQkuQumADhfViwkuI
Real Deal,rap,When I Die,2015,1dQ7RolPZ1eUxzsCQcQpLj
OG Ron C,rap,Luv,2015,5uC6eLsV2nJPD0QR8xvpnU
Json,rap,Winters Bone (Instrumental),2015,0Nw2xnV6ZQT3ATswdhtkYP
L'Hexaler,rap,Chez nous,2015,0zWE4GDSpq0ymtzonEzD02
Lil Jay,rap,Future Son or Daughter,2015,7kCP09nvKvdtFN3UEvblNk
Nauí,rap,Posses do Prazer,2015,0F6IMMN3tj59zzKgNB7yDi
Elenco,rap,Nada Está Donde Debe Estar,2015,1fSJoBkvUqm1GJs6VvnBRH
Gabby Annalyse,rap,Don't Say Goodbye (feat. Brianwith2 Eyes),2015,2h9Bp7zAp3AcHkys6Qp6mU
SLIMUS,rap,Тикет2013,2015,6bdeCJ5KVf4iAHQzO7CSWU
High Rollaz,rap,Fuego,2015,1yqBSHhfiLQszAEGRlRT8f
G-Val,rap,Don't Need 'Em,2015,0NDnBDX47aCV2zYllvH5D0
DBKL,rap,Hlad,2015,62NqusXqeIIG1QxBgl1Dvx
Rich,rap,Bitter Truth - Original Mix,2015,1fuzT8jfWuYcwKciLV0MHa
DJ RC,rap,Dia Libre,2015,3aaIuNwQxEosxxhdHiRuXH
Big Pokey,rap,Dope Man,2015,7kjV4kiP6VFUPjXj6uw1Au
Kyle Rapps,rap,Colossus,2015,51MTBPVtGUVJEMW2brW5yt
Эскимос Crew,rap,Риск оправдан,2015,0NvKkpARuYw9Fbs5wTKc6x
Pastor Troy,rap,I'm Hot - I Got That Lava,2015,3sQcwGVyW1f48IJpdFJont
Ecay Uno,rap,Duck When I Bust,2015,5Ezw0vL6z7uhGXJrR6FzEG
Pastor Troy,rap,A-Town Down,2015,5LvnVyJEKu50MJWoInPELK
King Kyle Lee,rap,Takin Niggas Bitches,2015,31Pje42Qc25ZLCHNBAjJ59
Shady Nate,rap,Flashback,2015,2OJCku2t9of7t9c1Ck2DoD
Trouble Orchestra,rap,Giotto Rehagel,2015,5Hf7ukgImygGkaxtpsa63L
Chedda Bang,rap,150 Brabant*,2015,3qm5145Te2rojZ7Lg8V2qJ
Fhat.R,rap,Monde à l'envers,2015,4ZctYANjjNKjGCRVxQ7yzx
Эскимос Crew,rap,Беспредел,2015,3XXEFYPWjLe28kjMh0MCic
Rico Recklezz,rap,Havin Shit (feat. Il Will),2015,5Knfie7tTQtib8zd64gQ1w
Controlversos,rap,O Amanhã É de Graça,2015,114c2osOW6eBR7T6p5vdzi
Arrhythmia,rap,O Pasado Non é Unha Opcion,2016,7AssiaqOWq87QywkUaW0r1
Caos Day,rap,Las Calles Hablan,2016,4S3VlJFI02Bl82NQfgzDQh
Monoulious DOP,rap,A cidade máxica,2016,0x6Uy5rx0gvtLNuYdfdpaO
Shintoma,rap,Paso a Paso,2016,5nXp7lyMz5imPiwpi1UvnU
Soriano,rap,Sexo sin Compromiso,2016,5oD1rXXqwaMCRHsm6GbF59
Ruxe Ruxe,rap,Para Sempre,2016,7CDszbQJMZ2e2LLsmvnKie
Carlito,rap,Nuestro Amor,2016,6vL6Ur1wrUMBuYzvR5h7TG
La Pols i l'Era,rap,El món s'acaba aquesta tarda,2016,6BZGZYEUVzSPTbkIz3PEij
Ascensa Furore,rap,Aigua,2016,0qVbOZNQB6FShYplrb2zNZ
La Pols i l'Era,rap,Tant de temps,2016,3TgiYZn7MQKSSnBbboxxZc
La Pols i l'Era,rap,Xoc de trenes,2016,1BovJcNkzZBzpQkqwUaPtK
São Nunca,rap,99 Motivos,2016,5JFO5p8URYLo2kQUYjQbLH
Juanchu,rap,El Cachorro,2016,19OWzYqUfGDNWQGSEZ1IWc
El Hombre Viento,rap,Conversaciones Con Dios,2016,0QG42q7gre9iInewiQyeBH
Guerrilleroz,rap,Lo Que Escuchas Es Lo Que Somos,2016,4rOueqXbWMnsCO2JpPnoLK
Guerrilleroz,rap,Gastados por la Luna,2016,1yHr0XmzogVGzv3YaU6UnA
Young Pô,rap,Andé Bè Chiééé,2016,3ZZ4yIN5pqYYGeCqIfPguW
Bing,rap,Bad Times,2016,5dooqGCAkMYcU5t6AWZt1k
Fedel,rap,Jabbin and Dabbin,2016,4J9ACdUITSdGyFJqVt1bGt
E-40,rap,Straight To The Point (feat. Ezale & G-Eazy),2016,23Vw1xkZB0D2rW5RuC8HyV
GT Garza,rap,Grace,2016,1xN5AR4Sj8jEaebvgVOLNn
C-Struggs,rap,How You Come,2016,4XrjVGJd7HKsMOeXB08Feu
Bing,rap,On Candy,2016,5OAYdv2edqGXckeYzvqnu1
Fisko23,rap,Las Palabras No,2016,5MdlUrGpMm2oKYvxKvDbxT
Família 33,rap,Combinação Perfeita,2016,0skP4vSRDYyay1N8qmcjob
Lightshow,rap,Girls (feat. A$AP Ant),2016,1srapDaICLvPAYiI6YfJpV
OmarCameUp,rap,Bluff,2016,7kcvi8DbcIZC1YUTS3mIW2
Chunk,rap,Sucka Duckin',2016,57kS8gtrYev8lreAgDkPC5
Jeepz,rap,Turning,2016,72nHHyMb0tPdcnxXB1MVti
Lil Cuete,rap,Real Ladies,2016,7GS1D4Bi3Qzywu19X6VuWu
Misère Record,rap,Punchliner 7 - Remix,2016,40isBtbM9q1INL9OuIw1dW
Pc Tweezie,rap,Look at Me Now,2016,4FZuZB7jC0KBOQg9LFw0X6
King K.O,rap,SLGM,2016,4QfJbstGM0o5Nj858AC3aG
Ryan Anthony,rap,Somebody to Relate To,2016,69zDgOIMJ9Y6CLGH2rbgpr
Goldie Lookin Chain,rap,My DJ - Live,2016,4mnBy1OfQPkuQujZz6eJnS
Lazy Lizzard Gang,rap,Outro,2016,3dL3iH3C41WHUmuDXjqT5G
J. Stalin,rap,Dip In and Dip Out,2016,02xN5EyVcpWnF3fxvKXk4N
Yid,rap,Kane City (feat. Mac Blast & Toolie),2016,7rnQmMjZiQlCLbwstcm4hc
Project Poppa,rap,Problem,2016,3OwrmGkHkOAB0jsJoCSoHH
The White Shadow,rap,Crayon,2016,7FUKEoCzyCwnLj87k6rqU0
Juan Gambino,rap,No More War (feat. Eryn Turner),2016,1ybGjLmjRIMJ07tgiVBMBj
Joe Blow,rap,Lost Child (feat. 38 Spesh & Rydah J. Klyde),2016,4yBNmT3eZLVTSj0oz6Sl2k
MC haNsAi,rap,100,2016,57gDkRMHDTGTNwWkRLk6at
Kholebeatz,rap,Christmas Stunna - Outroduction,2016,2dclP3VZUJsJXXmrUDxhxE
Loyal T,rap,Writer's Block,2016,1fo6FFczf9FEjaMrnYvGe2
Vulto.,rap,Temas Remix - Remix,2016,27Zc1cYk8kMQmMwncUXlCH
D-Aye,rap,How Many Gone Ride,2016,19op1Z3NVYEfpnEQ4aR7KK
Joe Blow,rap,Talking Out,2016,0hVtmkVcDqMxFaFwcseHgF
Rone,rap,Gorgeous,2016,075cWWCMCuD0tkY7wXpCGI
Lil Gangsta Ern,rap,Gassaman,2016,3aiLbK9ULw7iSLyPf7a2NZ
Kottonmouth Jesse,rap,God Got Me,2016,7lTI6dCvwci9hBOEwEfirB
Sharp Skills,rap,African Sports Car,2016,1pr7EMpVp8kBYn3chG0Uof
Kholebeatz,rap,Doughboy Part 2 Feat. Project Pat & Bennie Franks,2016,0mgbphT4hDojFe7emBqj5G
Journalist 103,rap,SAM (Starving Artist Music),2016,4J6XjWb6spSx0BfuxhZpsy
Soriano,rap,Solo con la Música,2016,57kT3wmHuZoPkxPyozOYT4
Lil Sick,rap,Knuckle Up,2016,7s7sXKSbm04HHQ1tPPMNXg
Classic Noise,rap,Calculos,2016,26ruQCryP5PSisIhLdWRuz
Heemi,rap,We Go Hard - Radio Edit,2016,5B59C2ujalCBTOUdItib7H
Mista Deezy,rap,Avancer,2016,20q2JSdaaytF7K3AA5dg4X
C.M.L.,rap,Cold Flame,2016,1APRf4XYllpqUKPElFhyRD
MN MC,rap,Pra Sempre,2016,7FU4BEeeXxpnmt3zlBfFdI
Squalee Pope,rap,My Struggle (feat. Taz),2016,2dd5MMawLqgMVBWTYRExMU
Sistema Negro,rap,Campton,2016,1CVtt5YuyFKKGjapAgCJ5o
Bello Spark,rap,Among the Lights,2016,57gNG4iwlDx3ipR6HNpFwO
Riça,rap,Punhos no Ar,2016,7hc5oj9a8KRzRL4H2aevZO
FatDoo,rap,나는 대한민국 고3이다 (feat. HEX) - Clean Ver.,2016,11SvE6aTL4IMntDHFzVaKI
Mr. Fleezow,rap,Eu e Os Meus,2016,3L3cxsERiEY28bVsWm5TGa
Ray J,rap,Uncle Leroy,2016,0ly7ZAlRHHvJUQs4zorJfo
Mr. Capone-E,rap,Outro,2016,7JrFmS9CbHjXqVUk1IaQyM
Erick Daulet,rap,Santo,2016,6aHUZRvwjWFXO4etO5vAhk
El Núm3ro,rap,A Propósito,2016,5OymTT4LyeBsRV5PuF3OrU
Lick-G,rap,Trainspotting,2016,3bDAN0P1Ujpa0lA13Qzlfr
Charly Humos,rap,Nada Queda,2016,3B42ggPyRGYskxfzykVChF
Curtis Mayz,rap,Swangin' (Extended Version) [feat. Mel & Pat Ron],2016,2KAzG49Cr9OLbQiMNmhONn
King Kuma,rap,Bentley in the Driveway,2016,1lPkqQrxq8wxrSTH5v01r8
Neno Calvin,rap,RNB,2016,71r3OGQVdSgQC9PydJe61L
Hot Boy Turk,rap,Who U Know,2016,3Mj4lywecY1uJ5oDPlHfbJ
Don Elway,rap,Wait (feat. Oso Ocean & Young Lyxx),2016,1OLB7MXrGNaiSG6kIuRNJF
Crack Ignaz,rap,Obailochned,2016,07brwd840D5UyFXvxrWO73
ChildsPlay,rap,Warrior - Radio Edit,2016,4Rhnx8ZinCNQqv92x3WP1h
Aziatik,rap,Tempete Du Desert,2016,75WgPIDnwUVrfFgVBBiIUl
Oprah,rap,Donne moi le weh,2016,5QfZ0zv57n95fUJXOgHLLy
Vante Poems,rap,Keep it a Buckk,2016,25BReBRkDLJApVDxvqHFNQ
Mr Nigga,rap,Sin Fronteras,2016,3ODEHjim7EvZ4jOItb67Ga
The Muteflutes,rap,Reasons,2016,0sNHfgZkX71CAN0vjxZSPD
Cymarshall Law,rap,"Go Harder (feat. Pumpkinhead, Silent Knight, Skit Slam & Ace Wonda)",2016,5t71sFl0uTlDdIsUwCEbZu
Einstein NRC,rap,Horas de Reflexão,2016,2C5INyRudEmamS3LQbwm9t
Johan Kim,rap,Amazing Grace,2016,6J5b2ePofGmcIJqnRHL9wM
BIGBABYGUCCI,rap,Wheres the Blow,2016,3lnI14XcLFlfEnLchUQg0g
Einstein NRC,rap,Lirísmo Efêmero,2016,1s8lzINK3LtUW4bTZAIhs7
Point Blank,rap,Chris Ward Drop,2016,4y7M7Sz7ixnXNaByNku1Ze
QVXNO,rap,Psoríase,2016,2PAxZ7OZn5TbesplDIfLdr
Jes Latino,rap,Smoke One (feat. FunnyBoy),2016,0bAEDjNwSyHsI7GkYpb6F4
D-Aye,rap,Ayoo,2016,70hqMd7hblahUVSwlbpSGw
Lucy,rap,Tempo,2016,2hml5FnOKZ8xYDLsA3GWJc
CVPELLV,rap,Phonogram 5,2016,7iC5UyFxxBXwgzv8TUS2fn
Absent Minded,rap,Michael Bay,2016,3g5W1lNFba3Hz1WyCLu52o
Fredric,rap,Knas,2016,2PBkJItL26oA1TpfYy4LNG
Fredric,rap,FMK,2016,439vJm1h1chA9JsjFFm3AV
Young Lyxx,rap,Stunna Shades,2016,0b9v54UZk9MdfC5FGZd9HZ
